,jL5S1: X-axis mean,jL5S1: X-axis variance,jL5S1: X-axis abs mean sample diff,jL5S1: Y-axis mean,jL5S1: Y-axis variance,jL5S1: Y-axis abs mean sample diff,jL5S1: Z-axis mean,jL5S1: Z-axis variance,jL5S1: Z-axis abs mean sample diff,"jL5S1: (x,y,z) covariance",jL4L3: X-axis mean,jL4L3: X-axis variance,jL4L3: X-axis abs mean sample diff,jL4L3: Y-axis mean,jL4L3: Y-axis variance,jL4L3: Y-axis abs mean sample diff,jL4L3: Z-axis mean,jL4L3: Z-axis variance,jL4L3: Z-axis abs mean sample diff,"jL4L3: (x,y,z) covariance",jL1T12: X-axis mean,jL1T12: X-axis variance,jL1T12: X-axis abs mean sample diff,jL1T12: Y-axis mean,jL1T12: Y-axis variance,jL1T12: Y-axis abs mean sample diff,jL1T12: Z-axis mean,jL1T12: Z-axis variance,jL1T12: Z-axis abs mean sample diff,"jL1T12: (x,y,z) covariance",jT9T8: X-axis mean,jT9T8: X-axis variance,jT9T8: X-axis abs mean sample diff,jT9T8: Y-axis mean,jT9T8: Y-axis variance,jT9T8: Y-axis abs mean sample diff,jT9T8: Z-axis mean,jT9T8: Z-axis variance,jT9T8: Z-axis abs mean sample diff,"jT9T8: (x,y,z) covariance",jT1C7: X-axis mean,jT1C7: X-axis variance,jT1C7: X-axis abs mean sample diff,jT1C7: Y-axis mean,jT1C7: Y-axis variance,jT1C7: Y-axis abs mean sample diff,jT1C7: Z-axis mean,jT1C7: Z-axis variance,jT1C7: Z-axis abs mean sample diff,"jT1C7: (x,y,z) covariance",jC1Head: X-axis mean,jC1Head: X-axis variance,jC1Head: X-axis abs mean sample diff,jC1Head: Y-axis mean,jC1Head: Y-axis variance,jC1Head: Y-axis abs mean sample diff,jC1Head: Z-axis mean,jC1Head: Z-axis variance,jC1Head: Z-axis abs mean sample diff,"jC1Head: (x,y,z) covariance",jRightT4Shoulder: X-axis mean,jRightT4Shoulder: X-axis variance,jRightT4Shoulder: X-axis abs mean sample diff,jRightT4Shoulder: Y-axis mean,jRightT4Shoulder: Y-axis variance,jRightT4Shoulder: Y-axis abs mean sample diff,jRightT4Shoulder: Z-axis mean,jRightT4Shoulder: Z-axis variance,jRightT4Shoulder: Z-axis abs mean sample diff,"jRightT4Shoulder: (x,y,z) covariance",jRightShoulder: X-axis mean,jRightShoulder: X-axis variance,jRightShoulder: X-axis abs mean sample diff,jRightShoulder: Y-axis mean,jRightShoulder: Y-axis variance,jRightShoulder: Y-axis abs mean sample diff,jRightShoulder: Z-axis mean,jRightShoulder: Z-axis variance,jRightShoulder: Z-axis abs mean sample diff,"jRightShoulder: (x,y,z) covariance",jRightElbow: X-axis mean,jRightElbow: X-axis variance,jRightElbow: X-axis abs mean sample diff,jRightElbow: Y-axis mean,jRightElbow: Y-axis variance,jRightElbow: Y-axis abs mean sample diff,jRightElbow: Z-axis mean,jRightElbow: Z-axis variance,jRightElbow: Z-axis abs mean sample diff,"jRightElbow: (x,y,z) covariance",jRightWrist: X-axis mean,jRightWrist: X-axis variance,jRightWrist: X-axis abs mean sample diff,jRightWrist: Y-axis mean,jRightWrist: Y-axis variance,jRightWrist: Y-axis abs mean sample diff,jRightWrist: Z-axis mean,jRightWrist: Z-axis variance,jRightWrist: Z-axis abs mean sample diff,"jRightWrist: (x,y,z) covariance",jLeftT4Shoulder: X-axis mean,jLeftT4Shoulder: X-axis variance,jLeftT4Shoulder: X-axis abs mean sample diff,jLeftT4Shoulder: Y-axis mean,jLeftT4Shoulder: Y-axis variance,jLeftT4Shoulder: Y-axis abs mean sample diff,jLeftT4Shoulder: Z-axis mean,jLeftT4Shoulder: Z-axis variance,jLeftT4Shoulder: Z-axis abs mean sample diff,"jLeftT4Shoulder: (x,y,z) covariance",jLeftShoulder: X-axis mean,jLeftShoulder: X-axis variance,jLeftShoulder: X-axis abs mean sample diff,jLeftShoulder: Y-axis mean,jLeftShoulder: Y-axis variance,jLeftShoulder: Y-axis abs mean sample diff,jLeftShoulder: Z-axis mean,jLeftShoulder: Z-axis variance,jLeftShoulder: Z-axis abs mean sample diff,"jLeftShoulder: (x,y,z) covariance",jLeftElbow: X-axis mean,jLeftElbow: X-axis variance,jLeftElbow: X-axis abs mean sample diff,jLeftElbow: Y-axis mean,jLeftElbow: Y-axis variance,jLeftElbow: Y-axis abs mean sample diff,jLeftElbow: Z-axis mean,jLeftElbow: Z-axis variance,jLeftElbow: Z-axis abs mean sample diff,"jLeftElbow: (x,y,z) covariance",jLeftWrist: X-axis mean,jLeftWrist: X-axis variance,jLeftWrist: X-axis abs mean sample diff,jLeftWrist: Y-axis mean,jLeftWrist: Y-axis variance,jLeftWrist: Y-axis abs mean sample diff,jLeftWrist: Z-axis mean,jLeftWrist: Z-axis variance,jLeftWrist: Z-axis abs mean sample diff,"jLeftWrist: (x,y,z) covariance",jRightHip: X-axis mean,jRightHip: X-axis variance,jRightHip: X-axis abs mean sample diff,jRightHip: Y-axis mean,jRightHip: Y-axis variance,jRightHip: Y-axis abs mean sample diff,jRightHip: Z-axis mean,jRightHip: Z-axis variance,jRightHip: Z-axis abs mean sample diff,"jRightHip: (x,y,z) covariance",jRightKnee: X-axis mean,jRightKnee: X-axis variance,jRightKnee: X-axis abs mean sample diff,jRightKnee: Y-axis mean,jRightKnee: Y-axis variance,jRightKnee: Y-axis abs mean sample diff,jRightKnee: Z-axis mean,jRightKnee: Z-axis variance,jRightKnee: Z-axis abs mean sample diff,"jRightKnee: (x,y,z) covariance",jRightAnkle: X-axis mean,jRightAnkle: X-axis variance,jRightAnkle: X-axis abs mean sample diff,jRightAnkle: Y-axis mean,jRightAnkle: Y-axis variance,jRightAnkle: Y-axis abs mean sample diff,jRightAnkle: Z-axis mean,jRightAnkle: Z-axis variance,jRightAnkle: Z-axis abs mean sample diff,"jRightAnkle: (x,y,z) covariance",jRightBallFoot: X-axis mean,jRightBallFoot: X-axis variance,jRightBallFoot: X-axis abs mean sample diff,jRightBallFoot: Y-axis mean,jRightBallFoot: Y-axis variance,jRightBallFoot: Y-axis abs mean sample diff,jRightBallFoot: Z-axis mean,jRightBallFoot: Z-axis variance,jRightBallFoot: Z-axis abs mean sample diff,"jRightBallFoot: (x,y,z) covariance",jLeftHip: X-axis mean,jLeftHip: X-axis variance,jLeftHip: X-axis abs mean sample diff,jLeftHip: Y-axis mean,jLeftHip: Y-axis variance,jLeftHip: Y-axis abs mean sample diff,jLeftHip: Z-axis mean,jLeftHip: Z-axis variance,jLeftHip: Z-axis abs mean sample diff,"jLeftHip: (x,y,z) covariance",jLeftKnee: X-axis mean,jLeftKnee: X-axis variance,jLeftKnee: X-axis abs mean sample diff,jLeftKnee: Y-axis mean,jLeftKnee: Y-axis variance,jLeftKnee: Y-axis abs mean sample diff,jLeftKnee: Z-axis mean,jLeftKnee: Z-axis variance,jLeftKnee: Z-axis abs mean sample diff,"jLeftKnee: (x,y,z) covariance",jLeftAnkle: X-axis mean,jLeftAnkle: X-axis variance,jLeftAnkle: X-axis abs mean sample diff,jLeftAnkle: Y-axis mean,jLeftAnkle: Y-axis variance,jLeftAnkle: Y-axis abs mean sample diff,jLeftAnkle: Z-axis mean,jLeftAnkle: Z-axis variance,jLeftAnkle: Z-axis abs mean sample diff,"jLeftAnkle: (x,y,z) covariance",jLeftBallFoot: X-axis mean,jLeftBallFoot: X-axis variance,jLeftBallFoot: X-axis abs mean sample diff,jLeftBallFoot: Y-axis mean,jLeftBallFoot: Y-axis variance,jLeftBallFoot: Y-axis abs mean sample diff,jLeftBallFoot: Z-axis mean,jLeftBallFoot: Z-axis variance,jLeftBallFoot: Z-axis abs mean sample diff,"jLeftBallFoot: (x,y,z) covariance",(Over all features): X-axis mean,(Over all features): X-axis variance,(Over all features): X-axis abs mean sample diff,(Over all features): Y-axis mean,(Over all features): Y-axis variance,(Over all features): Y-axis abs mean sample diff,(Over all features): Z-axis mean,(Over all features): Z-axis variance,(Over all features): Z-axis abs mean sample diff
D2,0.795,0.993,0.121,0.278,2.353,0.136,2.975,1.066,0.146,"[[0.993, -0.598, -0.165], [-0.598, 2.353, 0.234], [-0.165, 0.234, 1.066]]",0.355,0.193,0.054,0.119,0.467,0.061,1.323,0.21,0.065,"[[0.193, -0.114, -0.032], [-0.114, 0.467, 0.044], [-0.032, 0.044, 0.21]]",0.355,0.193,0.054,0.119,0.467,0.061,1.323,0.21,0.065,"[[0.193, -0.114, -0.032], [-0.114, 0.467, 0.044], [-0.032, 0.044, 0.21]]",0.267,0.108,0.04,0.088,0.263,0.045,0.992,0.118,0.048,"[[0.108, -0.064, -0.018], [-0.064, 0.263, 0.024], [-0.018, 0.024, 0.118]]",1.869,7.726,0.166,-3.977,13.297,0.133,22.305,8.893,0.226,"[[7.726, -6.638, 1.84], [-6.638, 13.298, 1.943], [1.84, 1.943, 8.893]]",2.305,20.602,0.289,-7.773,52.16,0.265,5.19,30.081,0.422,"[[20.603, -18.547, 7.602], [-18.547, 52.162, 6.282], [7.602, 6.282, 30.083]]",-6.462,9.182,0.334,-0.469,26.013,0.812,8.775,12.138,0.52,"[[9.182, -8.481, 4.812], [-8.481, 26.014, 3.928], [4.812, 3.928, 12.139]]",25.674,28.157,0.525,-16.021,102.314,1.088,-11.21,169.475,1.321,"[[28.159, 4.268, 23.835], [4.268, 102.319, 117.837], [23.835, 117.837, 169.483]]",-8.427,22.434,0.555,103.589,90.082,0.85,10.51,136.289,0.554,"[[22.435, 2.86, -30.829], [2.86, 90.086, -90.266], [-30.829, -90.266, 136.295]]",-4.89,43.979,0.562,34.233,39.745,0.813,-9.374,57.855,0.638,"[[43.981, 3.36, -34.645], [3.36, 39.747, 0.654], [-34.645, 0.654, 57.858]]",-6.708,18.472,0.43,-2.308,52.316,0.849,6.538,20.32,0.489,"[[18.473, -27.762, 16.698], [-27.762, 52.318, -25.249], [16.698, -25.249, 20.32]]",28.705,32.963,0.413,0.344,26.358,0.721,-3.598,146.582,1.12,"[[32.964, -18.578, 4.563], [-18.578, 26.359, 28.427], [4.563, 28.427, 146.589]]",-14.912,30.856,0.44,107.712,49.547,0.903,10.475,71.284,0.621,"[[30.858, 9.692, -36.648], [9.692, 49.549, -42.678], [-36.648, -42.678, 71.288]]",-16.834,31.118,0.479,29.915,25.987,0.665,10.938,84.153,0.775,"[[31.12, -1.789, -25.985], [-1.789, 25.988, -17.984], [-25.985, -17.984, 84.157]]",6.034,41.105,0.684,-2.483,25.725,0.649,-16.201,111.801,1.186,"[[41.107, 13.229, 47.035], [13.229, 25.726, 44.365], [47.035, 44.365, 111.806]]",-2.822,77.474,1.021,-0.573,30.848,0.961,19.898,452.527,2.082,"[[77.478, 6.63, -140.502], [6.63, 30.85, 24.577], [-140.502, 24.577, 452.548]]",-9.054,17.397,0.659,5.112,54.465,0.98,-5.96,183.057,1.825,"[[17.397, -20.093, 28.752], [-20.093, 54.468, -50.739], [28.752, -50.739, 183.065]]",5.615,58.572,1.415,-0.07,5.846,0.555,-8.118,169.091,2.104,"[[58.575, -0.171, -75.012], [-0.171, 5.846, -12.953], [-75.012, -12.953, 169.099]]",4.842,18.897,0.521,-3.497,26.8,0.545,-17.285,259.535,1.719,"[[18.898, -8.972, -20.794], [-8.972, 26.801, 49.834], [-20.794, 49.834, 259.547]]",-3.52,6.784,0.442,-1.408,18.905,0.645,18.471,519.868,2.303,"[[6.784, 5.086, -4.085], [5.086, 18.906, -19.381], [-4.085, -19.381, 519.892]]",-3.528,20.337,0.716,3.987,41.546,0.93,-12.657,175.887,1.685,"[[20.338, -18.268, -19.83], [-18.268, 41.548, -9.298], [-19.83, -9.298, 175.895]]",2.856,34.666,1.011,0.65,2.012,0.348,-18.995,293.377,2.512,"[[34.667, 3.095, 20.676], [3.095, 2.012, -7.777], [20.676, -7.777, 293.391]]",0.114,23.737,0.497,11.253,31.251,0.592,0.742,131.992,1.019
D3,1.315,1.59,0.139,0.869,2.673,0.143,2.29,0.961,0.142,"[[1.59, -0.876, -0.413], [-0.876, 2.673, 0.158], [-0.413, 0.158, 0.961]]",0.589,0.31,0.062,0.381,0.531,0.064,1.017,0.19,0.063,"[[0.31, -0.17, -0.08], [-0.17, 0.531, 0.029], [-0.08, 0.029, 0.19]]",0.589,0.31,0.062,0.381,0.531,0.064,1.017,0.19,0.063,"[[0.31, -0.17, -0.08], [-0.17, 0.531, 0.029], [-0.08, 0.029, 0.19]]",0.443,0.174,0.046,0.285,0.299,0.048,0.763,0.107,0.047,"[[0.174, -0.095, -0.045], [-0.095, 0.299, 0.016], [-0.045, 0.016, 0.107]]",-8.163,6.964,0.174,22.035,16.057,0.116,20.554,6.608,0.211,"[[6.965, -6.324, 1.798], [-6.324, 16.058, 0.09], [1.798, 0.09, 6.608]]",-8.656,16.2,0.286,42.72,61.135,0.237,2.16,24.15,0.407,"[[16.2, -16.71, 4.62], [-16.71, 61.137, -2.497], [4.62, -2.497, 24.152]]",-10.407,3.363,0.249,7.765,16.174,0.541,5.611,17.01,0.438,"[[3.363, -4.071, 1.875], [-4.071, 16.175, 6.746], [1.875, 6.746, 17.01]]",28.296,12.196,0.355,-25.038,189.66,1.165,-17.829,186.224,1.038,"[[12.197, -4.015, 0.422], [-4.015, 189.668, 173.712], [0.422, 173.712, 186.233]]",-17.472,57.78,0.502,92.16,247.435,1.17,17.211,712.357,0.906,"[[57.783, 61.856, -150.154], [61.856, 247.447, -342.542], [-150.154, -342.542, 712.39]]",5.457,76.894,0.285,3.724,29.192,0.248,-0.169,94.381,0.462,"[[76.897, -29.755, -40.226], [-29.755, 29.193, -2.273], [-40.226, -2.273, 94.385]]",-8.191,4.587,0.31,2.852,17.655,0.847,5.624,7.71,0.395,"[[4.587, -6.255, 2.133], [-6.255, 17.656, 1.329], [2.133, 1.329, 7.711]]",21.565,8.804,0.357,-25.434,112.367,1.176,-17.515,104.694,1.025,"[[8.805, -6.504, -2.796], [-6.504, 112.372, 102.008], [-2.796, 102.008, 104.699]]",-9.703,37.325,0.633,105.677,59.795,1.067,6.91,79.336,0.934,"[[37.326, 11.435, -48.61], [11.435, 59.798, -34.146], [-48.61, -34.146, 79.34]]",5.126,38.579,0.632,3.691,12.009,0.505,6.834,35.147,0.756,"[[38.581, -8.254, -26.959], [-8.254, 12.01, 4.982], [-26.959, 4.982, 35.148]]",7.168,18.72,0.517,-8.673,86.641,1.425,-13.713,228.224,1.699,"[[18.721, -24.221, 18.969], [-24.221, 86.645, 49.127], [18.969, 49.127, 228.235]]",3.433,22.19,0.692,-2.159,21.489,1.192,15.423,635.526,2.604,"[[22.191, 1.521, 98.37], [1.521, 21.49, -3.511], [98.37, -3.511, 635.556]]",-7.301,19.655,0.787,8.416,49.415,1.191,-13.464,110.0,1.374,"[[19.655, -15.695, 21.247], [-15.695, 49.417, -44.95], [21.247, -44.95, 110.005]]",2.424,38.953,1.217,0.784,4.587,0.516,-16.879,310.426,3.356,"[[38.955, 8.02, -54.698], [8.02, 4.588, -22.073], [-54.698, -22.073, 310.44]]",-1.008,55.078,0.786,7.259,103.219,1.492,-12.803,267.064,1.837,"[[55.081, 2.709, 59.623], [2.709, 103.223, 130.716], [59.623, 130.716, 267.076]]",-2.001,69.148,1.158,-0.338,29.03,1.208,20.066,589.858,2.616,"[[69.151, 4.119, -130.715], [4.119, 29.032, 60.39], [-130.715, 60.39, 589.885]]",-6.492,35.283,0.964,1.969,79.953,1.438,-11.116,128.178,1.466,"[[35.285, -35.812, 48.05], [-35.812, 79.957, -79.546], [48.05, -79.546, 128.184]]",3.568,42.215,1.071,1.15,9.549,0.57,-11.948,372.387,2.564,"[[42.217, 15.233, -112.601], [15.233, 9.55, -50.829], [-112.601, -50.829, 372.405]]",0.026,25.742,0.513,10.931,52.245,0.747,-0.453,177.76,1.109
D4,0.862,2.371,0.148,-0.106,18.982,0.351,13.523,3.195,0.171,"[[2.372, -4.542, 0.978], [-4.542, 18.983, -2.754], [0.978, -2.754, 3.195]]",0.374,0.366,0.061,-0.074,3.873,0.158,6.019,0.637,0.077,"[[0.366, -0.67, 0.159], [-0.67, 3.873, -0.571], [0.159, -0.571, 0.637]]",0.374,0.366,0.061,-0.074,3.873,0.158,6.019,0.637,0.077,"[[0.366, -0.67, 0.159], [-0.67, 3.873, -0.571], [0.159, -0.571, 0.637]]",0.279,0.196,0.045,-0.06,2.189,0.119,4.516,0.359,0.057,"[[0.196, -0.35, 0.085], [-0.35, 2.189, -0.324], [0.085, -0.324, 0.359]]",-0.012,6.313,0.145,1.752,24.784,0.143,21.459,18.108,0.22,"[[6.313, -6.422, 2.616], [-6.422, 24.785, -0.138], [2.616, -0.138, 18.109]]",0.477,16.281,0.251,3.246,90.443,0.278,3.726,61.84,0.409,"[[16.281, -9.993, 8.023], [-9.993, 90.447, -0.827], [8.023, -0.827, 61.843]]",-10.602,18.516,0.409,-0.704,11.145,0.474,1.511,25.062,0.725,"[[18.517, -8.374, 6.681], [-8.374, 11.146, 1.492], [6.681, 1.492, 25.063]]",21.687,57.56,0.641,5.442,306.771,1.549,3.997,294.216,1.534,"[[57.562, 46.244, 61.518], [46.244, 306.785, 274.297], [61.518, 274.297, 294.23]]",-0.563,25.86,0.557,89.468,126.439,1.569,5.993,339.343,1.092,"[[25.862, -10.696, -42.56], [-10.696, 126.445, -24.581], [-42.56, -24.581, 339.359]]",-5.679,27.176,0.618,3.772,27.185,0.546,-25.101,85.87,1.031,"[[27.178, -4.813, -21.116], [-4.813, 27.186, 8.76], [-21.116, 8.76, 85.874]]",-9.455,17.222,0.39,-0.768,10.155,0.381,-1.007,30.904,0.538,"[[17.223, -8.012, 11.344], [-8.012, 10.156, -2.765], [11.344, -2.765, 30.905]]",23.878,59.072,0.609,5.328,394.548,1.619,12.484,428.443,1.576,"[[59.075, -28.542, 11.802], [-28.542, 394.566, 365.092], [11.802, 365.092, 428.463]]",-3.75,84.866,0.633,86.132,272.735,1.499,14.364,789.303,1.178,"[[84.87, 57.649, -198.058], [57.649, 272.748, -259.251], [-198.058, -259.251, 789.339]]",5.622,83.532,0.788,-4.071,87.885,0.783,-20.37,127.632,1.049,"[[83.536, -17.153, -54.572], [-17.153, 87.889, 24.427], [-54.572, 24.427, 127.638]]",-1.21,28.993,0.55,-3.527,39.737,0.796,-38.346,245.264,1.498,"[[28.995, -20.299, 26.794], [-20.299, 39.739, 27.669], [26.794, 27.669, 245.276]]",4.573,13.015,0.646,-1.556,76.557,0.937,15.195,546.425,2.259,"[[13.016, 5.083, 4.152], [5.083, 76.56, -111.507], [4.152, -111.507, 546.45]]",-4.16,27.129,0.576,2.377,48.369,0.934,-9.382,169.394,1.538,"[[27.131, -25.199, 48.377], [-25.199, 48.371, -61.21], [48.377, -61.21, 169.402]]",0.365,14.992,0.712,0.168,1.004,0.233,-8.287,209.09,2.467,"[[14.992, 1.809, -20.825], [1.809, 1.004, -6.771], [-20.825, -6.771, 209.1]]",3.33,33.168,0.56,-10.956,38.126,0.733,-35.484,355.843,1.814,"[[33.17, -7.431, 21.797], [-7.431, 38.128, 88.768], [21.797, 88.768, 355.859]]",4.346,26.869,0.624,-2.723,112.669,0.994,20.149,581.798,2.276,"[[26.871, -5.358, 70.652], [-5.358, 112.674, -192.305], [70.652, -192.305, 581.825]]",2.882,8.278,0.518,2.906,33.887,0.8,-7.888,199.932,1.529,"[[8.278, 0.639, -13.805], [0.639, 33.889, -46.326], [-13.805, -46.326, 199.942]]",-2.071,19.866,1.028,-0.182,1.59,0.341,-8.909,277.005,2.642,"[[19.866, 0.556, 46.374], [0.556, 1.59, 10.071], [46.374, 10.071, 277.017]]",1.434,26.0,0.48,7.99,78.77,0.7,-1.174,217.741,1.171
D5,-0.501,4.367,0.29,-0.227,4.692,0.292,4.185,0.516,0.103,"[[4.367, -0.564, 0.114], [-0.564, 4.692, -0.105], [0.114, -0.105, 0.516]]",-0.225,0.858,0.128,-0.097,0.932,0.13,1.861,0.102,0.046,"[[0.858, -0.11, 0.023], [-0.11, 0.932, -0.019], [0.023, -0.019, 0.102]]",-0.225,0.858,0.128,-0.097,0.932,0.13,1.861,0.102,0.046,"[[0.858, -0.11, 0.023], [-0.11, 0.932, -0.019], [0.023, -0.019, 0.102]]",-0.169,0.482,0.096,-0.072,0.525,0.098,1.396,0.058,0.035,"[[0.482, -0.062, 0.013], [-0.062, 0.525, -0.01], [0.013, -0.01, 0.058]]",-0.472,2.631,0.134,-3.941,4.561,0.11,17.589,17.588,0.181,"[[2.631, -2.348, -2.439], [-2.348, 4.561, 3.585], [-2.439, 3.585, 17.589]]",-2.244,6.371,0.236,-7.051,17.875,0.218,-3.415,59.985,0.335,"[[6.372, -5.881, -4.43], [-5.881, 17.875, 12.588], [-4.43, 12.588, 59.987]]",-9.68,1.563,0.163,1.318,3.455,0.35,-0.997,5.402,0.443,"[[1.563, -0.389, -0.264], [-0.389, 3.455, -0.528], [-0.264, -0.528, 5.402]]",16.447,24.293,0.541,-11.517,160.857,1.614,2.544,209.54,1.731,"[[24.294, 3.775, 16.77], [3.775, 160.864, 171.688], [16.77, 171.688, 209.55]]",-0.616,31.364,0.687,86.37,40.156,0.953,5.128,99.472,1.177,"[[31.366, 3.419, -48.736], [3.419, 40.158, -28.035], [-48.736, -28.035, 99.477]]",10.369,26.708,0.848,10.525,39.539,1.068,-11.836,22.838,0.893,"[[26.709, 3.062, -7.134], [3.062, 39.541, 4.13], [-7.134, 4.13, 22.839]]",-8.943,2.599,0.261,0.324,5.799,0.607,0.349,11.027,0.784,"[[2.599, -0.214, -2.948], [-0.214, 5.799, -1.284], [-2.948, -1.284, 11.027]]",19.909,27.905,0.687,0.955,179.387,1.744,6.218,337.515,2.245,"[[27.907, -39.125, -44.859], [-39.125, 179.395, 227.886], [-44.859, 227.886, 337.53]]",-4.401,72.532,1.04,84.761,54.648,0.997,4.825,149.237,1.414,"[[72.535, 22.689, -95.297], [22.689, 54.65, -54.242], [-95.297, -54.242, 149.244]]",11.843,82.927,1.625,9.811,43.858,1.425,4.604,31.883,1.345,"[[82.931, -1.381, -23.71], [-1.381, 43.86, 12.041], [-23.71, 12.041, 31.884]]",3.502,69.13,0.991,-4.543,29.38,1.276,-4.757,301.137,2.371,"[[69.133, -5.884, 53.999], [-5.884, 29.382, 45.913], [53.999, 45.913, 301.151]]",1.716,15.727,1.15,0.331,31.026,1.235,25.385,684.374,3.989,"[[15.728, 4.332, -23.331], [4.332, 31.027, 32.18], [-23.331, 32.18, 684.406]]",-6.982,40.315,1.14,3.933,31.908,1.254,-0.254,102.821,2.121,"[[40.317, -19.678, 25.648], [-19.678, 31.909, -19.189], [25.648, -19.189, 102.826]]",3.027,45.015,1.34,0.903,5.825,0.561,-14.582,290.283,3.432,"[[45.017, 12.03, -75.583], [12.03, 5.825, -28.236], [-75.583, -28.236, 290.297]]",-0.165,64.383,1.053,-3.584,27.004,1.183,2.497,302.187,2.345,"[[64.386, 0.228, 13.826], [0.228, 27.005, 49.607], [13.826, 49.607, 302.201]]",2.48,13.285,1.025,0.156,61.134,1.371,33.246,703.953,3.955,"[[13.286, 7.226, -32.118], [7.226, 61.137, -53.171], [-32.118, -53.171, 703.985]]",-3.616,31.196,1.01,3.491,24.682,1.121,-0.034,90.099,1.909,"[[31.198, -13.07, 26.201], [-13.07, 24.683, -13.284], [26.201, -13.284, 90.104]]",1.878,29.074,1.109,0.636,3.363,0.456,-10.827,257.376,2.938,"[[29.076, 7.007, -57.504], [7.007, 3.363, -20.915], [-57.504, -20.915, 257.388]]",1.497,26.981,0.713,7.836,35.07,0.827,2.954,167.159,1.538
D6,0.593,5.254,0.29,0.57,8.743,0.34,4.159,2.631,0.226,"[[5.254, -1.791, -0.458], [-1.791, 8.744, -0.152], [-0.458, -0.152, 2.631]]",0.268,1.022,0.127,0.249,1.743,0.153,1.851,0.522,0.101,"[[1.022, -0.338, -0.088], [-0.338, 1.743, -0.033], [-0.088, -0.033, 0.522]]",0.268,1.022,0.127,0.249,1.743,0.153,1.851,0.522,0.101,"[[1.022, -0.338, -0.088], [-0.338, 1.743, -0.033], [-0.088, -0.033, 0.522]]",0.202,0.573,0.095,0.186,0.982,0.115,1.389,0.294,0.076,"[[0.573, -0.189, -0.049], [-0.189, 0.982, -0.019], [-0.049, -0.019, 0.294]]",-1.285,6.473,0.174,3.892,15.404,0.135,20.788,19.25,0.223,"[[6.473, -6.855, 5.062], [-6.855, 15.405, -1.083], [5.062, -1.083, 19.251]]",-1.184,14.484,0.299,7.564,59.886,0.275,2.42,67.075,0.417,"[[14.484, -16.593, 15.077], [-16.593, 59.888, -6.805], [15.077, -6.805, 67.078]]",-6.863,2.43,0.309,-0.558,9.877,0.707,4.995,21.786,0.557,"[[2.431, -0.796, 2.54], [-0.796, 9.877, -1.131], [2.54, -1.131, 21.787]]",8.985,36.906,0.65,6.523,302.323,1.957,-6.64,277.623,1.515,"[[36.908, 33.418, 45.164], [33.418, 302.338, 235.044], [45.164, 235.044, 277.636]]",3.522,24.841,0.776,83.253,233.385,2.11,8.889,605.168,2.09,"[[24.842, -22.438, -0.71], [-22.438, 233.396, -167.69], [-0.71, -167.69, 605.197]]",2.694,11.778,0.519,4.676,24.619,0.481,-9.506,41.975,0.905,"[[11.778, -2.169, -12.642], [-2.169, 24.62, 14.181], [-12.642, 14.181, 41.977]]",-7.779,3.024,0.455,-2.105,11.32,0.971,4.502,16.131,0.572,"[[3.024, -2.892, 0.903], [-2.892, 11.32, -0.417], [0.903, -0.417, 16.131]]",14.779,22.673,0.568,-12.17,197.72,1.747,-10.298,260.569,1.483,"[[22.674, -28.929, -27.715], [-28.929, 197.729, 192.86], [-27.715, 192.86, 260.582]]",-3.842,56.288,0.804,86.8,174.594,1.907,10.147,280.497,1.592,"[[56.291, 27.655, -106.804], [27.655, 174.603, -105.507], [-106.804, -105.507, 280.51]]",0.215,38.923,0.902,-4.998,14.842,0.673,3.263,30.327,1.047,"[[38.925, -8.681, -23.114], [-8.681, 14.842, 6.068], [-23.114, 6.068, 30.328]]",-0.015,85.991,1.087,-7.501,56.218,1.197,-6.668,274.777,1.789,"[[85.995, 1.024, 91.778], [1.024, 56.221, 35.483], [91.778, 35.483, 274.79]]",1.027,27.508,1.144,-0.259,56.979,1.267,16.375,449.405,2.441,"[[27.51, 9.996, -41.678], [9.996, 56.981, 2.27], [-41.678, 2.27, 449.426]]",-5.886,64.211,1.017,-4.544,39.912,1.135,-8.495,237.327,2.529,"[[64.214, -24.489, 76.26], [-24.489, 39.914, -74.598], [76.26, -74.598, 237.339]]",-0.164,13.965,0.933,0.151,1.295,0.258,-16.156,483.535,2.795,"[[13.965, 3.085, -22.859], [3.085, 1.295, -5.299], [-22.859, -5.299, 483.558]]",1.87,50.025,0.852,-3.424,42.993,1.325,1.277,254.823,1.841,"[[50.028, -11.301, 32.87], [-11.301, 42.995, 45.004], [32.87, 45.004, 254.835]]",10.718,35.665,1.124,-4.132,68.137,1.269,24.734,477.201,2.773,"[[35.666, 13.525, 43.235], [13.525, 68.141, -80.247], [43.235, -80.247, 477.224]]",-6.86,39.876,0.932,6.103,57.293,1.356,-8.526,250.611,2.344,"[[39.878, -8.925, 24.754], [-8.925, 57.296, -97.714], [24.754, -97.714, 250.623]]",-2.159,18.651,1.033,-0.368,2.941,0.359,-12.817,441.022,2.961,"[[18.652, 4.088, 32.098], [4.088, 2.941, 18.56], [32.098, 18.56, 441.043]]",0.414,25.526,0.646,7.28,62.861,0.904,1.252,204.231,1.381
D7,0.153,9.397,0.373,1.508,7.265,0.29,-0.514,2.41,0.239,"[[9.397, -7.156, 1.834], [-7.156, 7.266, -1.475], [1.834, -1.475, 2.41]]",0.063,1.864,0.166,0.666,1.431,0.129,-0.214,0.475,0.108,"[[1.865, -1.416, 0.356], [-1.416, 1.431, -0.284], [0.356, -0.284, 0.475]]",0.063,1.864,0.166,0.666,1.431,0.129,-0.214,0.475,0.108,"[[1.865, -1.416, 0.356], [-1.416, 1.431, -0.284], [0.356, -0.284, 0.475]]",0.047,1.05,0.124,0.499,0.805,0.097,-0.158,0.267,0.081,"[[1.05, -0.797, 0.199], [-0.797, 0.805, -0.159], [0.199, -0.159, 0.267]]",-0.716,6.024,0.192,9.126,11.786,0.124,23.782,17.412,0.241,"[[6.025, -5.88, 0.974], [-5.88, 11.786, 3.832], [0.974, 3.832, 17.413]]",0.905,15.34,0.343,16.911,45.09,0.238,8.303,60.984,0.454,"[[15.34, -17.487, 1.423], [-17.487, 45.092, 12.618], [1.423, 12.618, 60.987]]",-8.454,5.07,0.254,1.095,10.367,0.4,-0.029,21.67,0.546,"[[5.071, -3.844, 4.708], [-3.844, 10.367, -6.315], [4.708, -6.315, 21.671]]",17.647,32.018,0.471,-36.605,273.43,1.574,-3.169,386.55,1.842,"[[32.02, 8.488, 19.399], [8.488, 273.442, 307.013], [19.399, 307.013, 386.567]]",-5.939,106.292,0.806,98.206,243.727,1.078,8.948,357.664,0.725,"[[106.297, 87.954, -147.726], [87.954, 243.738, -253.148], [-147.726, -253.148, 357.681]]",-5.199,57.598,0.518,-3.221,11.398,0.319,3.224,14.699,0.372,"[[57.6, -14.332, -5.47], [-14.332, 11.398, -0.083], [-5.47, -0.083, 14.699]]",-3.929,3.761,0.256,-1.127,13.559,0.395,1.975,14.345,0.569,"[[3.761, -4.317, 0.061], [-4.317, 13.559, 3.419], [0.061, 3.419, 14.345]]",14.082,16.523,0.447,-13.952,203.577,1.366,-4.276,251.528,1.525,"[[16.524, 9.349, 9.935], [9.349, 203.587, 208.454], [9.935, 208.454, 251.54]]",0.275,78.55,0.706,80.925,131.377,0.968,8.86,320.835,1.094,"[[78.553, 48.858, -137.523], [48.858, 131.383, -141.505], [-137.523, -141.505, 320.85]]",-1.407,89.91,1.178,-5.157,25.581,0.581,8.024,19.257,0.536,"[[89.914, -19.752, -3.569], [-19.752, 25.582, -1.022], [-3.569, -1.022, 19.258]]",0.784,56.392,0.947,-8.829,118.212,1.61,2.092,338.064,2.004,"[[56.395, -68.745, -6.135], [-68.745, 118.218, 67.212], [-6.135, 67.212, 338.08]]",2.62,35.059,1.081,-0.32,91.813,1.267,18.651,524.07,2.443,"[[35.061, 10.651, 55.045], [10.651, 91.817, -88.968], [55.045, -88.968, 524.094]]",-6.178,54.952,1.324,2.186,68.61,1.399,-4.752,150.358,2.237,"[[54.954, -21.255, 27.692], [-21.255, 68.614, -73.779], [27.692, -73.779, 150.365]]",-0.856,10.868,1.078,0.161,0.878,0.318,-9.758,292.007,2.483,"[[10.868, 1.441, -3.972], [1.441, 0.878, -3.906], [-3.972, -3.906, 292.02]]",6.358,62.276,0.916,-22.558,96.504,1.494,5.063,271.288,1.812,"[[62.279, -51.204, 34.812], [-51.204, 96.509, 68.231], [34.812, 68.231, 271.3]]",9.436,84.502,1.236,-4.94,102.426,1.278,23.265,591.741,2.545,"[[84.506, 0.272, 144.738], [0.272, 102.431, -133.939], [144.738, -133.939, 591.768]]",-7.107,41.949,0.948,10.629,75.201,1.322,-3.589,150.765,2.147,"[[41.951, -17.388, 10.243], [-17.388, 75.205, -79.225], [10.243, -79.225, 150.772]]",-1.824,12.987,0.804,-0.254,1.581,0.3,-10.703,347.794,2.602,"[[12.988, 2.834, 27.236], [2.834, 1.581, 12.065], [27.236, 12.065, 347.81]]",0.492,35.648,0.652,5.71,69.82,0.758,3.401,187.939,1.214
D9,-0.482,3.591,0.216,2.727,4.268,0.176,-0.011,1.962,0.156,"[[3.591, -1.265, 0.601], [-1.265, 4.269, 0.386], [0.601, 0.386, 1.962]]",-0.213,0.713,0.096,1.21,0.842,0.078,0.001,0.384,0.069,"[[0.713, -0.248, 0.115], [-0.248, 0.842, 0.081], [0.115, 0.081, 0.384]]",-0.213,0.713,0.096,1.21,0.842,0.078,0.001,0.384,0.069,"[[0.713, -0.248, 0.115], [-0.248, 0.842, 0.081], [0.115, 0.081, 0.384]]",-0.16,0.402,0.072,0.908,0.474,0.059,0.001,0.216,0.052,"[[0.402, -0.139, 0.064], [-0.139, 0.474, 0.046], [0.064, 0.046, 0.216]]",2.316,3.365,0.12,3.303,15.432,0.113,14.103,10.861,0.214,"[[3.366, -4.18, 1.62], [-4.18, 15.433, 2.153], [1.62, 2.153, 10.861]]",5.437,7.566,0.219,5.135,57.443,0.211,-9.843,38.188,0.4,"[[7.567, -5.49, 6.095], [-5.49, 57.446, 9.378], [6.095, 9.378, 38.19]]",-6.269,3.348,0.189,-3.045,118.586,0.266,-1.665,9.217,0.313,"[[3.348, -3.582, -0.052], [-3.582, 118.592, -5.977], [-0.052, -5.977, 9.217]]",19.516,22.771,0.446,-9.307,176.781,1.229,-4.914,223.347,1.44,"[[22.772, 4.251, 4.192], [4.251, 176.789, 179.752], [4.192, 179.752, 223.358]]",-7.233,45.819,0.712,95.468,89.002,1.069,16.711,143.079,1.072,"[[45.821, 1.461, -62.363], [1.461, 89.006, -55.927], [-62.363, -55.927, 143.086]]",-2.637,24.814,0.6,39.986,15.705,0.611,1.043,32.301,0.806,"[[24.815, -2.147, -10.214], [-2.147, 15.705, 9.114], [-10.214, 9.114, 32.302]]",-12.616,2.89,0.184,-9.719,44.334,0.289,-0.56,16.207,0.466,"[[2.89, -6.003, -0.333], [-6.003, 44.336, -9.891], [-0.333, -9.891, 16.208]]",22.203,32.664,0.498,-2.867,205.989,1.391,-3.306,321.25,1.614,"[[32.666, -25.68, -40.789], [-25.68, 205.999, 235.432], [-40.789, 235.432, 321.265]]",-4.394,109.214,0.883,89.29,262.403,1.938,16.566,294.811,1.392,"[[109.219, 77.975, -154.697], [77.975, 262.415, -164.253], [-154.697, -164.253, 294.825]]",0.136,25.424,0.588,30.04,21.638,0.283,-4.865,30.812,0.85,"[[25.425, -3.907, -13.892], [-3.907, 21.639, 9.269], [-13.892, 9.269, 30.814]]",4.435,52.458,0.847,-16.982,92.306,0.951,2.206,208.94,1.604,"[[52.46, -35.285, -44.522], [-35.285, 92.31, 33.205], [-44.522, 33.205, 208.95]]",-0.444,44.713,0.779,6.978,26.079,0.702,30.999,317.153,1.798,"[[44.715, -16.727, 70.65], [-16.727, 26.08, -15.523], [70.65, -15.523, 317.168]]",-1.194,24.724,0.796,8.477,17.297,0.816,-6.826,175.024,1.716,"[[24.725, 7.93, 2.792], [7.93, 17.298, -24.576], [2.792, -24.576, 175.032]]",0.618,10.904,0.72,0.244,0.768,0.189,-4.291,110.853,1.764,"[[10.904, 2.084, -29.1], [2.084, 0.769, -7.71], [-29.1, -7.71, 110.858]]",2.819,34.998,0.667,-16.619,53.057,0.953,-5.615,198.126,1.592,"[[35.0, -25.359, -15.294], [-25.359, 53.059, 7.382], [-15.294, 7.382, 198.135]]",5.946,35.355,0.734,-2.366,27.17,0.661,21.845,262.153,1.653,"[[35.356, -15.146, 85.785], [-15.146, 27.171, -53.55], [85.785, -53.55, 262.165]]",-1.649,24.757,0.79,14.571,82.295,0.975,-5.217,198.655,1.645,"[[24.758, 22.287, -21.917], [22.287, 82.299, -59.807], [-21.917, -59.807, 198.664]]",0.766,7.627,0.652,0.254,0.531,0.182,-8.139,203.423,3.223,"[[7.627, 1.399, -29.451], [1.399, 0.531, -8.087], [-29.451, -8.087, 203.432]]",1.213,23.583,0.496,10.859,59.693,0.601,2.192,127.152,1.087
D10,0.334,4.71,0.117,1.755,11.752,0.177,4.106,2.452,0.103,"[[4.71, -2.349, -0.524], [-2.349, 11.753, 2.506], [-0.524, 2.506, 2.452]]",0.17,0.911,0.051,0.778,2.338,0.079,1.829,0.485,0.045,"[[0.911, -0.428, -0.09], [-0.428, 2.338, 0.499], [-0.09, 0.499, 0.485]]",0.17,0.911,0.051,0.778,2.338,0.079,1.829,0.485,0.045,"[[0.911, -0.428, -0.09], [-0.428, 2.338, 0.499], [-0.09, 0.499, 0.485]]",0.13,0.511,0.038,0.583,1.317,0.059,1.372,0.273,0.034,"[[0.511, -0.237, -0.049], [-0.237, 1.317, 0.281], [-0.049, 0.281, 0.273]]",4.734,17.433,0.172,3.461,23.384,0.131,25.044,11.858,0.106,"[[17.434, -10.705, 2.584], [-10.705, 23.386, 2.205], [2.584, 2.205, 11.858]]",9.437,49.267,0.305,5.271,91.428,0.259,10.497,42.685,0.201,"[[49.269, -31.393, 8.316], [-31.393, 91.433, 11.251], [8.316, 11.251, 42.687]]",-9.759,5.277,0.166,-9.765,19.885,0.287,-10.516,26.356,0.38,"[[5.278, 5.669, 0.903], [5.669, 19.886, -1.169], [0.903, -1.169, 26.358]]",20.326,52.603,0.462,-8.618,296.274,0.846,8.892,206.531,0.697,"[[52.606, -78.465, -35.748], [-78.465, 296.288, 194.375], [-35.748, 194.375, 206.54]]",-2.76,76.41,0.419,95.743,402.985,0.948,10.622,488.379,0.59,"[[76.413, -77.313, -73.683], [-77.313, 403.003, 99.084], [-73.683, 99.084, 488.402]]",-11.881,186.483,0.714,2.796,99.528,0.61,-3.798,375.5,0.876,"[[186.491, -16.961, -162.076], [-16.961, 99.532, -38.26], [-162.076, -38.26, 375.518]]",-6.567,4.549,0.169,-3.881,21.929,0.289,-1.071,41.295,0.433,"[[4.55, 6.405, -9.069], [6.405, 21.93, -18.735], [-9.069, -18.735, 41.297]]",19.377,46.666,0.547,-12.15,211.875,0.778,-4.597,175.679,0.712,"[[46.668, -32.146, -7.382], [-32.146, 211.885, 161.169], [-7.382, 161.169, 175.687]]",-6.346,73.444,0.564,92.82,401.175,1.231,4.408,444.64,0.723,"[[73.448, -2.036, -89.147], [-2.036, 401.193, -73.766], [-89.147, -73.766, 444.66]]",6.203,112.909,0.615,-4.345,56.019,0.369,-0.519,89.948,0.553,"[[112.915, -38.605, -55.831], [-38.605, 56.022, 23.34], [-55.831, 23.34, 89.953]]",-3.649,14.111,0.348,0.608,47.006,0.479,-17.367,201.984,0.769,"[[14.112, -10.81, -0.517], [-10.81, 47.009, 59.651], [-0.517, 59.651, 201.993]]",1.776,16.091,0.409,0.279,79.378,0.575,10.271,217.436,0.993,"[[16.092, 15.084, -32.442], [15.084, 79.381, -14.359], [-32.442, -14.359, 217.446]]",-3.234,43.283,0.429,6.545,156.993,0.784,-11.097,348.955,1.174,"[[43.285, -48.881, 89.553], [-48.881, 157.001, -204.643], [89.553, -204.643, 348.971]]",1.461,31.525,0.615,0.226,2.634,0.239,-3.704,144.339,0.987,"[[31.527, 3.091, -54.302], [3.091, 2.634, -12.627], [-54.302, -12.627, 144.346]]",2.457,47.518,0.374,-0.504,29.814,0.483,-15.648,125.312,0.656,"[[47.52, -21.812, -56.439], [-21.812, 29.815, 25.056], [-56.439, 25.056, 125.318]]",2.572,15.715,0.335,-0.963,86.794,0.419,12.96,223.206,0.982,"[[15.716, -6.622, 36.245], [-6.622, 86.798, -12.561], [36.245, -12.561, 223.217]]",0.956,20.353,0.358,-2.016,130.835,0.561,-7.827,276.25,1.092,"[[20.354, 9.222, -15.354], [9.222, 130.841, -106.86], [-15.354, -106.86, 276.262]]",-1.257,11.282,0.339,-0.363,1.414,0.122,-10.655,418.463,1.36,"[[11.283, 2.977, 42.263], [2.977, 1.414, 15.219], [42.263, 15.219, 418.482]]",1.12,37.816,0.345,7.684,98.959,0.446,0.229,175.569,0.614
D11,0.894,4.594,0.316,0.614,23.995,0.436,-3.662,3.192,0.263,"[[4.595, 2.667, -0.905], [2.667, 24.002, -1.258], [-0.905, -1.258, 3.193]]",0.39,0.894,0.142,0.282,4.749,0.194,-1.634,0.63,0.117,"[[0.894, 0.464, -0.185], [0.464, 4.751, -0.315], [-0.185, -0.315, 0.63]]",0.39,0.894,0.142,0.282,4.749,0.194,-1.634,0.63,0.117,"[[0.894, 0.464, -0.185], [0.464, 4.751, -0.315], [-0.185, -0.315, 0.63]]",0.291,0.501,0.106,0.213,2.673,0.145,-1.227,0.355,0.088,"[[0.501, 0.253, -0.105], [0.253, 2.674, -0.184], [-0.105, -0.184, 0.355]]",2.696,5.226,0.179,-10.959,26.532,0.172,24.205,42.351,0.303,"[[5.228, -5.724, -0.399], [-5.724, 26.54, 15.107], [-0.399, 15.107, 42.363]]",2.101,16.973,0.312,-20.697,94.819,0.334,9.102,137.153,0.561,"[[16.978, -3.861, 16.727], [-3.861, 94.845, 48.825], [16.727, 48.825, 137.191]]",-6.522,9.037,0.301,1.765,114.086,0.403,-7.852,18.402,0.408,"[[9.039, -7.687, 7.85], [-7.687, 114.117, -3.945], [7.85, -3.945, 18.407]]",20.887,136.779,0.737,-15.342,495.541,2.156,-7.807,465.999,1.799,"[[136.817, 27.03, 141.55], [27.03, 495.678, 324.371], [141.55, 324.371, 466.128]]",-8.837,204.567,1.363,94.348,296.546,1.55,13.147,477.294,1.741,"[[204.624, 56.767, -209.253], [56.767, 296.628, -218.24], [-209.253, -218.24, 477.426]]",5.42,100.758,0.705,-10.0,41.288,0.541,1.656,100.851,0.843,"[[100.786, -13.455, -45.328], [-13.455, 41.3, 2.565], [-45.328, 2.565, 100.878]]",-10.239,8.268,0.365,6.131,15.476,0.433,-4.363,14.783,0.454,"[[8.271, -5.257, -3.19], [-5.257, 15.48, -1.63], [-3.19, -1.63, 14.787]]",21.956,38.467,0.676,-24.622,300.466,1.792,-20.006,201.104,1.645,"[[38.478, 40.384, 30.17], [40.384, 300.549, 195.727], [30.17, 195.727, 201.159]]",-10.773,133.286,1.349,81.809,129.981,1.792,13.521,376.009,2.349,"[[133.323, 15.399, -177.804], [15.399, 130.017, -55.912], [-177.804, -55.912, 376.112]]",7.933,130.87,1.03,3.68,46.846,0.581,8.01,57.082,1.007,"[[130.906, 19.889, -17.81], [19.889, 46.859, -6.891], [-17.81, -6.891, 57.098]]",2.839,68.343,1.122,1.701,72.084,1.209,-5.03,261.194,2.455,"[[68.362, 3.441, 87.928], [3.441, 72.104, 70.552], [87.928, 70.552, 261.266]]",-1.627,46.402,1.327,1.302,49.319,1.606,28.149,616.985,3.813,"[[46.415, 23.941, -92.47], [23.941, 49.333, 24.474], [-92.47, 24.474, 617.155]]",-5.79,44.374,1.315,-2.196,24.83,1.137,2.642,98.65,2.045,"[[44.387, -11.572, 46.031], [-11.572, 24.837, -13.68], [46.031, -13.68, 98.677]]",0.366,10.694,0.776,0.19,0.687,0.208,-6.342,141.41,2.564,"[[10.697, 1.851, -26.158], [1.851, 0.687, -6.82], [-26.158, -6.82, 141.449]]",-3.071,43.946,0.94,9.926,71.702,1.032,-2.005,304.321,2.627,"[[43.958, -5.085, 34.63], [-5.085, 71.722, 59.886], [34.63, 59.886, 304.405]]",-2.754,40.78,1.212,2.671,82.425,1.823,26.823,639.287,3.868,"[[40.791, 26.855, -105.088], [26.855, 82.448, 1.096], [-105.088, 1.096, 639.463]]",-1.647,54.876,1.272,3.291,57.637,1.21,-0.644,119.197,2.136,"[[54.891, -5.991, 37.82], [-5.991, 57.653, -14.778], [37.82, -14.778, 119.229]]",0.866,20.105,0.996,0.27,1.311,0.298,-6.005,130.463,2.398,"[[20.111, 3.711, -37.612], [3.711, 1.311, -9.36], [-37.612, -9.36, 130.499]]",0.717,50.938,0.758,5.666,88.988,0.875,2.684,191.243,1.527
D12,0.264,6.319,0.191,0.169,14.084,0.235,8.603,4.603,0.16,"[[6.319, -6.978, -2.816], [-6.978, 14.085, 4.349], [-2.816, 4.349, 4.603]]",0.13,1.134,0.081,0.076,2.896,0.107,3.837,0.912,0.071,"[[1.134, -1.303, -0.527], [-1.303, 2.896, 0.891], [-0.527, 0.891, 0.912]]",0.13,1.134,0.081,0.076,2.896,0.107,3.837,0.912,0.071,"[[1.134, -1.303, -0.527], [-1.303, 2.896, 0.891], [-0.527, 0.891, 0.912]]",0.099,0.625,0.06,0.057,1.641,0.081,2.88,0.513,0.054,"[[0.625, -0.723, -0.293], [-0.723, 1.641, 0.505], [-0.293, 0.505, 0.513]]",-3.416,15.929,0.188,7.959,43.041,0.159,20.119,27.346,0.222,"[[15.929, -17.823, 7.224], [-17.823, 43.043, -8.811], [7.224, -8.811, 27.347]]",-3.71,34.294,0.323,15.681,167.985,0.315,1.129,96.186,0.417,"[[34.295, -40.325, 16.415], [-40.325, 167.993, -37.345], [16.415, -37.345, 96.19]]",-11.646,18.303,0.171,-1.158,20.301,0.233,1.382,19.244,0.369,"[[18.304, 12.311, -1.071], [12.311, 20.302, -8.007], [-1.071, -8.007, 19.245]]",17.791,89.425,0.435,-4.788,173.81,0.954,-2.486,135.749,0.749,"[[89.429, 9.273, 38.578], [9.273, 173.818, 122.705], [38.578, 122.705, 135.755]]",-2.58,32.858,0.327,74.296,295.028,1.149,10.787,667.52,0.699,"[[32.859, -4.659, -46.634], [-4.659, 295.041, 111.132], [-46.634, 111.132, 667.55]]",-4.111,43.801,0.512,-10.492,60.088,0.587,-4.694,51.532,0.714,"[[43.803, -15.977, -22.457], [-15.977, 60.091, 13.456], [-22.457, 13.456, 51.534]]",-10.271,18.332,0.215,2.64,18.904,0.279,2.787,44.654,0.601,"[[18.333, 11.908, 3.029], [11.908, 18.905, 1.355], [3.029, 1.355, 44.656]]",17.325,50.646,0.464,8.317,311.071,1.092,6.741,355.267,1.213,"[[50.649, -18.054, -10.96], [-18.054, 311.086, 263.741], [-10.96, 263.741, 355.283]]",-12.525,258.098,0.48,62.189,639.886,1.355,39.703,3359.08,0.78,"[[258.11, 291.561, -836.219], [291.561, 639.916, -1111.203], [-836.219, -1111.203, 3359.236]]",8.271,101.612,0.744,3.286,53.892,0.567,5.569,204.291,0.913,"[[101.617, -28.536, -38.656], [-28.536, 53.895, 2.5], [-38.656, 2.5, 204.301]]",-5.395,51.607,0.653,-5.083,26.032,0.903,-17.945,163.051,1.173,"[[51.609, -21.636, 55.275], [-21.636, 26.033, -1.517], [55.275, -1.517, 163.058]]",10.869,18.718,0.573,-0.517,38.216,1.047,17.057,285.664,1.579,"[[18.719, 15.913, -52.704], [15.913, 38.218, -71.719], [-52.704, -71.719, 285.677]]",-6.696,8.163,0.471,18.883,120.359,1.179,-14.53,257.83,1.581,"[[8.163, 2.175, -0.919], [2.175, 120.365, -157.769], [-0.919, -157.769, 257.842]]",7.426,104.508,1.318,1.506,12.548,0.792,-16.609,396.18,2.526,"[[104.513, 15.451, -153.264], [15.451, 12.549, -51.605], [-153.264, -51.605, 396.198]]",-4.662,24.429,0.493,-11.849,26.83,0.715,-20.65,131.144,1.02,"[[24.43, -10.476, 33.415], [-10.476, 26.831, -5.421], [33.415, -5.421, 131.15]]",12.534,9.725,0.501,-2.433,101.058,1.17,10.868,257.955,1.52,"[[9.726, -1.817, 11.273], [-1.817, 101.063, -136.271], [11.273, -136.271, 257.967]]",8.208,35.98,0.74,0.266,71.798,0.941,-9.025,275.852,1.654,"[[35.982, 36.411, -80.414], [36.411, 71.801, -117.966], [-80.414, -117.966, 275.865]]",-4.294,38.639,0.843,-1.207,5.957,0.382,-17.603,517.64,2.774,"[[38.64, 10.248, 87.265], [10.248, 5.957, 39.739], [87.265, 39.739, 517.663]]",0.625,43.831,0.448,7.176,100.378,0.652,1.444,329.688,0.948
D14,-1.278,4.403,0.225,1.857,7.038,0.251,3.93,2.461,0.157,"[[4.403, -2.789, -0.367], [-2.789, 7.038, -1.676], [-0.367, -1.676, 2.461]]",-0.556,0.847,0.099,0.837,1.407,0.112,1.757,0.484,0.07,"[[0.848, -0.543, -0.085], [-0.543, 1.407, -0.315], [-0.085, -0.315, 0.484]]",-0.556,0.847,0.099,0.837,1.407,0.112,1.757,0.484,0.07,"[[0.848, -0.543, -0.085], [-0.543, 1.407, -0.315], [-0.085, -0.315, 0.484]]",-0.415,0.474,0.074,0.629,0.793,0.084,1.32,0.272,0.052,"[[0.474, -0.304, -0.049], [-0.304, 0.793, -0.175], [-0.049, -0.175, 0.272]]",-0.024,5.452,0.13,0.69,16.982,0.147,17.827,18.437,0.163,"[[5.452, -4.459, 0.623], [-4.459, 16.983, 1.72], [0.623, 1.72, 18.437]]",0.164,14.587,0.252,1.277,62.584,0.261,-3.054,63.613,0.302,"[[14.588, -7.237, 2.872], [-7.237, 62.587, 5.462], [2.872, 5.462, 63.616]]",-7.289,7.178,0.222,-0.612,14.494,0.411,-1.141,16.759,0.37,"[[7.179, -4.531, 8.223], [-4.531, 14.495, -7.583], [8.223, -7.583, 16.76]]",14.037,56.54,0.604,-8.842,355.276,1.699,7.988,656.744,2.159,"[[56.543, 76.158, 118.998], [76.158, 355.292, 459.257], [118.998, 459.257, 656.774]]",5.398,94.055,0.888,94.775,187.068,1.075,10.911,480.172,1.148,"[[94.06, 30.337, -104.756], [30.337, 187.076, -206.883], [-104.756, -206.883, 480.194]]",-3.262,86.022,1.216,25.392,139.785,1.161,-8.039,63.634,1.047,"[[86.026, -11.63, -29.41], [-11.63, 139.792, 10.621], [-29.41, 10.621, 63.637]]",-8.816,5.685,0.216,0.082,9.337,0.324,2.585,30.291,0.346,"[[5.685, -2.898, 4.933], [-2.898, 9.337, -4.779], [4.933, -4.779, 30.292]]",14.677,24.722,0.41,-1.269,155.823,1.117,4.08,341.702,1.384,"[[24.723, 15.328, 39.991], [15.328, 155.831, 183.487], [39.991, 183.487, 341.718]]",-0.852,64.317,0.791,105.229,423.897,1.131,10.34,630.237,0.632,"[[64.32, 28.774, -77.91], [28.774, 423.916, -429.117], [-77.91, -429.117, 630.267]]",-3.735,139.794,1.094,22.527,151.11,1.274,-1.263,96.153,0.958,"[[139.8, -46.333, -41.74], [-46.333, 151.117, 12.218], [-41.74, 12.218, 96.158]]",5.574,46.874,0.712,-25.975,28.474,1.109,0.326,248.809,1.625,"[[46.876, -11.32, 46.527], [-11.32, 28.475, 16.744], [46.527, 16.744, 248.821]]",8.415,29.916,0.819,-3.818,57.499,1.119,28.397,398.518,2.267,"[[29.917, 10.742, 74.871], [10.742, 57.502, -43.74], [74.871, -43.74, 398.537]]",-8.469,53.917,1.096,1.515,23.664,1.042,5.049,90.333,1.782,"[[53.92, -11.83, 19.903], [-11.83, 23.665, -18.552], [19.903, -18.552, 90.337]]",-1.338,6.786,0.629,-0.075,0.141,0.1,-3.738,76.514,1.558,"[[6.786, 0.435, 6.034], [0.435, 0.141, 0.829], [6.034, 0.829, 76.518]]",0.34,33.516,0.7,-5.954,40.988,1.127,-2.139,234.843,1.609,"[[33.518, -21.388, -35.709], [-21.388, 40.99, 18.041], [-35.709, 18.041, 234.854]]",7.79,22.761,0.741,0.486,122.541,1.339,23.584,381.515,2.429,"[[22.762, -20.611, 66.737], [-20.611, 122.547, -44.879], [66.737, -44.879, 381.532]]",-3.975,34.574,0.729,1.978,29.381,1.014,4.516,98.29,1.859,"[[34.576, -3.08, 24.67], [-3.08, 29.383, -20.285], [24.67, -20.285, 98.294]]",-0.065,9.828,0.657,0.064,0.58,0.179,-8.029,204.99,2.229,"[[9.829, 1.553, -12.247], [1.553, 0.58, -3.821], [-12.247, -3.821, 205.0]]",0.717,33.777,0.564,9.62,83.194,0.736,4.407,187.966,1.101
D15,-0.348,11.012,0.309,-1.77,11.065,0.261,-2.2,4.894,0.207,"[[11.012, -1.713, -1.376], [-1.713, 11.065, -0.034], [-1.376, -0.034, 4.894]]",-0.146,2.191,0.138,-0.785,2.173,0.116,-0.975,0.958,0.092,"[[2.191, -0.334, -0.262], [-0.334, 2.173, -0.011], [-0.262, -0.011, 0.958]]",-0.146,2.191,0.138,-0.785,2.173,0.116,-0.975,0.958,0.092,"[[2.191, -0.334, -0.262], [-0.334, 2.173, -0.011], [-0.262, -0.011, 0.958]]",-0.108,1.234,0.104,-0.589,1.221,0.087,-0.731,0.538,0.069,"[[1.234, -0.187, -0.146], [-0.187, 1.221, -0.007], [-0.146, -0.007, 0.538]]",-3.731,9.348,0.194,-10.508,32.693,0.188,12.81,33.854,0.245,"[[9.348, -7.719, -0.303], [-7.719, 32.694, 0.796], [-0.303, 0.796, 33.856]]",-10.852,25.137,0.342,-17.67,122.719,0.371,-11.272,116.605,0.456,"[[25.138, -6.919, 7.097], [-6.919, 122.725, -11.581], [7.097, -11.581, 116.61]]",-10.114,16.613,0.209,3.457,15.5,0.299,-1.314,42.483,0.594,"[[16.614, -8.618, 10.753], [-8.618, 15.501, -12.137], [10.753, -12.137, 42.485]]",38.216,76.815,0.631,-27.874,849.713,1.674,1.87,1061.932,1.709,"[[76.819, 120.991, 142.03], [120.991, 849.753, 926.119], [142.03, 926.119, 1061.981]]",-27.468,227.749,0.889,85.494,1249.129,1.75,26.827,2462.761,1.251,"[[227.76, 112.293, -149.346], [112.293, 1249.187, -1527.706], [-149.346, -1527.706, 2462.876]]",-23.061,173.092,0.939,23.467,95.272,0.678,4.555,201.951,1.069,"[[173.1, -35.484, -104.076], [-35.484, 95.276, -46.607], [-104.076, -46.607, 201.96]]",-9.185,8.282,0.23,2.016,16.65,0.351,2.379,65.027,0.565,"[[8.283, -3.189, 6.534], [-3.189, 16.651, -8.568], [6.534, -8.568, 65.03]]",24.462,43.638,0.525,7.086,351.227,1.517,3.659,433.831,1.646,"[[43.64, 15.673, 8.668], [15.673, 351.243, 369.703], [8.668, 369.703, 433.852]]",-12.945,123.727,0.688,76.978,298.002,1.513,12.871,1369.8,1.336,"[[123.733, 10.666, 105.839], [10.666, 298.016, -219.277], [105.839, -219.277, 1369.863]]",-3.104,163.997,0.832,46.86,89.229,0.668,-6.644,116.105,0.82,"[[164.004, -55.694, -62.1], [-55.694, 89.233, -10.04], [-62.1, -10.04, 116.11]]",6.028,142.623,1.064,7.117,165.327,1.307,6.948,254.599,1.578,"[[142.629, 60.83, 134.538], [60.83, 165.335, 144.375], [134.538, 144.375, 254.611]]",-0.269,120.223,1.348,1.783,125.537,1.498,14.589,462.56,2.224,"[[120.229, 23.007, -168.334], [23.007, 125.543, 72.698], [-168.334, 72.698, 462.582]]",-4.62,57.654,0.906,-16.56,45.368,0.868,-4.545,87.624,1.41,"[[57.656, -26.975, 40.01], [-26.975, 45.37, -38.704], [40.01, -38.704, 87.628]]",1.414,22.241,0.696,0.658,3.715,0.253,-16.912,509.585,2.407,"[[22.242, 7.836, -56.165], [7.836, 3.715, -27.174], [-56.165, -27.174, 509.608]]",0.71,53.576,0.706,0.244,33.163,0.859,7.789,327.995,1.79,"[[53.578, -7.874, 57.093], [-7.874, 33.165, 23.869], [57.093, 23.869, 328.01]]",1.105,91.992,1.057,-7.492,50.098,0.975,21.767,417.22,2.097,"[[91.996, 16.668, 104.676], [16.668, 50.1, -50.129], [104.676, -50.129, 417.24]]",-0.228,23.941,0.73,3.814,50.071,0.903,-6.159,122.428,1.412,"[[23.942, 10.056, -25.84], [10.056, 50.074, -50.539], [-25.84, -50.539, 122.434]]",-2.685,31.793,0.879,-0.439,3.93,0.402,-9.088,248.586,1.921,"[[31.795, 4.36, 64.463], [4.36, 3.93, 20.838], [64.463, 20.838, 248.597]]",-1.685,64.958,0.616,7.932,164.272,0.757,2.511,379.195,1.136
D17,0.291,8.933,0.371,-0.424,12.24,0.352,2.343,4.21,0.247,"[[8.933, -3.201, -0.592], [-3.201, 12.24, -0.625], [-0.592, -0.625, 4.21]]",0.126,1.75,0.164,-0.188,2.432,0.157,1.048,0.833,0.11,"[[1.75, -0.618, -0.116], [-0.618, 2.433, -0.132], [-0.116, -0.132, 0.833]]",0.126,1.75,0.164,-0.188,2.432,0.157,1.048,0.833,0.11,"[[1.75, -0.618, -0.116], [-0.618, 2.433, -0.132], [-0.116, -0.132, 0.833]]",0.094,0.982,0.123,-0.141,1.37,0.118,0.787,0.469,0.083,"[[0.983, -0.346, -0.065], [-0.346, 1.37, -0.075], [-0.065, -0.075, 0.469]]",-3.387,8.215,0.196,6.742,23.794,0.2,15.394,26.369,0.269,"[[8.215, -8.12, 1.774], [-8.12, 23.795, -1.352], [1.774, -1.352, 26.37]]",-3.653,19.269,0.342,13.531,90.712,0.387,-7.629,90.301,0.503,"[[19.27, -13.661, 0.525], [-13.661, 90.716, -7.644], [0.525, -7.644, 90.305]]",-9.675,10.277,0.439,5.539,6.298,0.377,9.459,31.17,0.754,"[[10.278, -1.996, 3.355], [-1.996, 6.298, -2.099], [3.355, -2.099, 31.171]]",18.72,38.805,0.639,-20.95,184.169,1.393,-13.321,280.185,1.565,"[[38.807, 14.912, 10.303], [14.912, 184.178, 193.636], [10.303, 193.636, 280.198]]",-6.13,146.978,1.143,115.584,206.122,1.765,7.352,445.025,1.579,"[[146.985, 98.74, -223.555], [98.74, 206.132, -198.528], [-223.555, -198.528, 445.046]]",-2.049,57.21,0.921,4.278,21.923,0.637,-0.079,70.197,1.094,"[[57.213, -20.957, -33.065], [-20.957, 21.924, 10.636], [-33.065, 10.636, 70.2]]",-0.994,7.35,0.358,5.353,4.386,0.343,9.449,32.001,0.82,"[[7.35, -0.835, 0.043], [-0.835, 4.386, -0.566], [0.043, -0.566, 32.002]]",8.689,29.321,0.58,-17.289,127.547,1.206,-14.95,241.559,1.553,"[[29.323, 15.554, 22.279], [15.554, 127.553, 156.731], [22.279, 156.731, 241.57]]",-5.897,76.599,0.902,93.239,173.622,1.642,9.955,355.464,1.812,"[[76.603, 42.69, -140.677], [42.69, 173.63, -107.387], [-140.677, -107.387, 355.481]]",7.358,103.794,1.177,4.791,70.178,1.005,-5.811,93.45,1.42,"[[103.799, -49.329, -53.616], [-49.329, 70.182, 27.743], [-53.616, 27.743, 93.455]]",4.036,119.65,1.14,-10.442,38.441,1.302,-2.764,450.236,2.379,"[[119.656, 12.209, 146.449], [12.209, 38.443, 70.72], [146.449, 70.72, 450.257]]",1.296,12.454,0.903,0.058,29.735,1.58,21.386,753.556,3.111,"[[12.455, 8.553, -2.76], [8.553, 29.737, 19.197], [-2.76, 19.197, 753.591]]",-2.709,41.162,1.103,-3.256,46.811,1.25,-10.285,219.16,2.121,"[[41.164, -18.537, 50.638], [-18.537, 46.813, -64.949], [50.638, -64.949, 219.17]]",-1.594,13.819,0.977,-0.234,6.854,0.324,-9.036,269.643,3.369,"[[13.819, 3.364, 24.86], [3.364, 6.854, 9.349], [24.86, 9.349, 269.656]]",0.473,58.222,1.063,4.8,37.345,1.291,-2.264,483.414,2.541,"[[58.224, -14.474, 31.569], [-14.474, 37.347, 74.211], [31.569, 74.211, 483.436]]",0.325,18.823,0.878,0.043,44.976,1.506,19.2,778.233,3.073,"[[18.824, 12.699, 37.985], [12.699, 44.978, -0.849], [37.985, -0.849, 778.269]]",0.159,42.091,1.128,2.605,45.036,1.258,-10.875,232.983,2.136,"[[42.093, -13.949, 35.161], [-13.949, 45.038, -52.998], [35.161, -52.998, 232.994]]",-0.457,13.232,0.807,0.005,1.163,0.201,-8.364,247.709,2.92,"[[13.233, 2.311, -9.849], [2.311, 1.163, -2.343], [-9.849, -2.343, 247.72]]",0.234,37.758,0.705,9.248,53.527,0.839,0.547,232.136,1.526
D18,-1.174,9.084,0.288,2.401,9.095,0.253,8.245,1.846,0.204,"[[9.085, -4.615, -0.588], [-4.615, 9.095, 0.402], [-0.588, 0.402, 1.847]]",-0.478,1.731,0.126,1.088,1.861,0.114,3.679,0.36,0.09,"[[1.731, -0.901, -0.13], [-0.901, 1.861, 0.107], [-0.13, 0.107, 0.36]]",-0.478,1.731,0.126,1.088,1.861,0.114,3.679,0.36,0.09,"[[1.731, -0.901, -0.13], [-0.901, 1.861, 0.107], [-0.13, 0.107, 0.36]]",-0.352,0.966,0.094,0.819,1.054,0.086,2.761,0.202,0.067,"[[0.966, -0.505, -0.074], [-0.505, 1.054, 0.063], [-0.074, 0.063, 0.202]]",0.992,6.939,0.157,-2.044,21.561,0.105,17.07,8.58,0.165,"[[6.94, -8.409, 0.089], [-8.409, 21.562, 0.019], [0.089, 0.019, 8.581]]",1.1,14.925,0.285,-4.073,83.322,0.203,-4.491,29.474,0.307,"[[14.925, -17.279, 0.209], [-17.279, 83.326, -0.098], [0.209, -0.098, 29.475]]",-6.367,1.615,0.138,0.828,10.303,0.382,2.331,12.689,0.381,"[[1.615, -0.89, 1.666], [-0.89, 10.303, -8.081], [1.666, -8.081, 12.69]]",18.429,89.147,0.818,-6.407,196.974,1.264,2.043,427.894,1.728,"[[89.151, 73.674, 130.409], [73.674, 196.983, 274.374], [130.409, 274.374, 427.914]]",-3.81,18.899,0.389,85.271,218.813,1.152,6.144,226.835,0.645,"[[18.9, 1.242, -55.994], [1.242, 218.824, -2.124], [-55.994, -2.124, 226.846]]",3.254,28.785,0.511,-5.266,105.204,0.927,7.576,91.366,1.032,"[[28.786, -13.712, -19.439], [-13.712, 105.209, 23.193], [-19.439, 23.193, 91.37]]",-9.332,2.857,0.184,-3.201,11.918,0.382,5.817,24.539,0.512,"[[2.857, -2.25, 4.736], [-2.25, 11.919, -3.73], [4.736, -3.73, 24.54]]",19.551,39.883,0.587,-4.441,157.181,1.072,-0.543,268.412,1.35,"[[39.885, 6.179, 11.904], [6.179, 157.188, 196.427], [11.904, 196.427, 268.424]]",-3.239,16.738,0.376,87.973,90.673,0.864,10.85,222.205,0.729,"[[16.739, -18.61, -49.489], [-18.61, 90.677, 53.38], [-49.489, 53.38, 222.215]]",9.139,86.721,0.393,1.949,43.07,0.749,3.464,39.544,0.473,"[[86.725, -17.591, 4.672], [-17.591, 43.072, -10.089], [4.672, -10.089, 39.546]]",3.05,27.682,0.462,-1.818,14.48,0.624,-8.754,196.694,1.297,"[[27.683, -9.875, 59.642], [-9.875, 14.481, -16.999], [59.642, -16.999, 196.703]]",0.976,7.242,0.44,0.083,30.58,0.829,18.473,398.048,1.89,"[[7.242, 9.443, -18.186], [9.443, 30.581, -14.089], [-18.186, -14.089, 398.066]]",-4.22,15.178,0.574,6.555,49.156,1.074,-6.235,216.829,2.094,"[[15.179, -6.38, 34.715], [-6.38, 49.159, -29.867], [34.715, -29.867, 216.839]]",4.438,66.232,0.971,1.444,9.16,0.415,-13.959,476.282,2.262,"[[66.235, 22.272, -140.478], [22.272, 9.161, -54.408], [-140.478, -54.408, 476.304]]",-0.658,27.538,0.481,-7.797,21.005,0.647,-9.759,202.518,1.305,"[[27.539, -15.778, 55.698], [-15.778, 21.006, -34.68], [55.698, -34.68, 202.527]]",3.754,12.213,0.49,-0.972,62.562,0.898,18.861,316.702,1.707,"[[12.214, 16.762, 5.982], [16.762, 62.565, -73.759], [5.982, -73.759, 316.717]]",-1.254,7.472,0.59,3.582,47.56,1.079,-6.45,213.384,1.951,"[[7.473, 3.648, -18.721], [3.648, 47.562, -47.985], [-18.721, -47.985, 213.394]]",1.185,14.857,0.581,0.419,2.725,0.22,-16.195,596.302,2.355,"[[14.857, 5.616, -27.64], [5.616, 2.725, -16.553], [-27.64, -16.553, 596.329]]",1.568,22.656,0.412,7.158,54.096,0.611,2.028,180.503,1.029
D19,-0.745,4.431,0.157,-4.111,2.932,0.148,5.358,2.24,0.089,"[[4.431, -1.644, -0.648], [-1.644, 2.932, 0.759], [-0.648, 0.759, 2.24]]",-0.377,0.863,0.069,-1.817,0.598,0.066,2.378,0.439,0.039,"[[0.863, -0.337, -0.117], [-0.337, 0.598, 0.151], [-0.117, 0.151, 0.439]]",-0.377,0.863,0.069,-1.817,0.598,0.066,2.378,0.439,0.039,"[[0.863, -0.337, -0.117], [-0.337, 0.598, 0.151], [-0.117, 0.151, 0.439]]",-0.289,0.484,0.052,-1.361,0.339,0.05,1.783,0.247,0.029,"[[0.484, -0.191, -0.064], [-0.191, 0.339, 0.085], [-0.064, 0.085, 0.247]]",3.337,22.186,0.147,-5.147,17.382,0.121,18.597,32.541,0.185,"[[22.187, -10.395, -5.773], [-10.395, 17.383, 4.133], [-5.773, 4.133, 32.543]]",4.332,60.916,0.255,-10.595,75.247,0.243,-1.881,114.304,0.346,"[[60.919, -35.063, -15.616], [-35.063, 75.251, 21.493], [-15.616, 21.493, 114.309]]",-9.286,7.561,0.24,3.677,8.158,0.324,5.697,24.384,0.495,"[[7.561, -3.702, 5.309], [-3.702, 8.158, -5.486], [5.309, -5.486, 24.385]]",17.212,40.592,0.409,-6.258,166.759,0.969,-4.199,148.515,0.888,"[[40.594, -9.869, 3.629], [-9.869, 166.767, 138.762], [3.629, 138.762, 148.521]]",-5.704,49.205,0.598,108.045,226.787,1.351,5.769,140.208,0.817,"[[49.207, 3.964, -57.828], [3.964, 226.798, -53.036], [-57.828, -53.036, 140.214]]",-13.441,106.136,0.665,25.07,68.74,0.527,-4.986,89.427,0.761,"[[106.141, -42.77, -48.229], [-42.77, 68.744, -3.811], [-48.229, -3.811, 89.431]]",0.022,9.036,0.351,8.362,6.062,0.245,4.711,26.427,0.622,"[[9.036, -3.858, 0.204], [-3.858, 6.063, -0.651], [0.204, -0.651, 26.428]]",8.386,30.823,0.456,-12.91,108.663,0.758,-6.49,121.933,0.934,"[[30.824, -12.302, -0.402], [-12.302, 108.668, 92.399], [-0.402, 92.399, 121.938]]",-13.436,74.054,0.696,37.192,294.342,1.406,9.538,304.517,0.99,"[[74.058, 52.076, -107.881], [52.076, 294.356, -162.904], [-107.881, -162.904, 304.531]]",-2.27,113.215,0.859,47.368,69.433,0.422,-9.336,106.896,0.461,"[[113.22, -17.134, 56.645], [-17.134, 69.436, 3.56], [56.645, 3.56, 106.901]]",2.697,38.012,0.486,-10.829,26.789,0.628,-0.084,158.75,1.221,"[[38.013, 4.617, 43.996], [4.617, 26.79, 39.04], [43.996, 39.04, 158.757]]",1.715,16.619,0.484,1.723,39.427,0.772,17.707,325.08,1.894,"[[16.619, 6.191, -40.35], [6.191, 39.429, -59.436], [-40.35, -59.436, 325.095]]",-1.86,29.219,0.591,-0.922,26.456,0.772,-2.813,109.752,1.334,"[[29.22, -8.776, 34.52], [-8.776, 26.457, -20.917], [34.52, -20.917, 109.757]]",1.202,16.547,0.541,0.413,1.833,0.175,-10.422,318.1,1.776,"[[16.548, 4.769, -42.23], [4.769, 1.834, -13.881], [-42.23, -13.881, 318.115]]",-4.749,26.281,0.401,3.012,30.222,0.664,-2.431,175.869,1.208,"[[26.282, -10.893, 1.239], [-10.893, 30.224, 5.015], [1.239, 5.015, 175.877]]",-2.468,17.859,0.542,1.031,63.283,0.911,23.957,375.033,1.912,"[[17.86, 11.392, -51.709], [11.392, 63.286, -67.732], [-51.709, -67.732, 375.05]]",2.242,17.697,0.513,-13.436,24.784,0.76,4.506,61.335,1.143,"[[17.698, -4.748, 15.152], [-4.748, 24.786, -5.577], [15.152, -5.577, 61.338]]",-0.957,7.555,0.457,-0.073,0.277,0.107,-3.23,77.955,1.123,"[[7.556, 0.472, 14.89], [0.472, 0.277, 2.433], [14.89, 2.433, 77.959]]",-0.673,31.371,0.411,7.574,57.232,0.522,2.568,123.381,0.832
HC1,-0.9,3.452,0.234,-0.314,13.688,0.358,10.167,1.55,0.175,"[[3.452, -2.644, 0.185], [-2.644, 13.689, -2.259], [0.185, -2.259, 1.55]]",-0.412,0.633,0.101,-0.12,2.755,0.16,4.523,0.305,0.079,"[[0.633, -0.423, 0.015], [-0.423, 2.755, -0.438], [0.015, -0.438, 0.305]]",-0.412,0.633,0.101,-0.12,2.755,0.16,4.523,0.305,0.079,"[[0.633, -0.423, 0.015], [-0.423, 2.755, -0.438], [0.015, -0.438, 0.305]]",-0.311,0.351,0.075,-0.087,1.554,0.12,3.393,0.172,0.059,"[[0.351, -0.227, 0.006], [-0.227, 1.555, -0.245], [0.006, -0.245, 0.172]]",-0.821,10.867,0.164,1.667,29.72,0.142,12.805,14.678,0.209,"[[10.867, -14.75, 0.288], [-14.75, 29.721, 3.198], [0.288, 3.198, 14.679]]",-0.857,19.146,0.273,3.367,120.77,0.294,-12.452,50.593,0.389,"[[19.147, -32.689, 2.812], [-32.689, 120.776, 10.4], [2.812, 10.4, 50.596]]",-10.265,3.399,0.196,7.159,4.211,0.212,-10.164,3.932,0.271,"[[3.399, -1.234, 0.296], [-1.234, 4.212, -1.065], [0.296, -1.065, 3.932]]",19.399,15.279,0.43,8.411,61.175,0.771,19.382,51.114,0.6,"[[15.279, 6.623, 8.006], [6.623, 61.178, 48.543], [8.006, 48.543, 51.116]]",3.958,41.752,0.673,97.721,127.627,1.535,11.463,271.782,1.329,"[[41.754, 6.863, -78.291], [6.863, 127.633, -30.102], [-78.291, -30.102, 271.795]]",7.335,21.516,0.484,2.306,8.838,0.414,-17.109,56.3,0.946,"[[21.517, -10.555, -25.891], [-10.555, 8.838, 16.351], [-25.891, 16.351, 56.303]]",-8.924,3.154,0.222,10.138,17.94,0.452,-12.671,4.08,0.317,"[[3.154, -5.367, 0.127], [-5.367, 17.941, -2.085], [0.127, -2.085, 4.08]]",18.511,33.0,0.582,-8.929,127.545,1.125,23.229,199.657,1.269,"[[33.001, 35.647, 54.164], [35.647, 127.551, 146.308], [54.164, 146.308, 199.667]]",3.481,89.641,0.873,104.23,207.14,1.811,8.19,261.228,1.395,"[[89.645, 45.352, -132.972], [45.352, 207.15, -122.458], [-132.972, -122.458, 261.241]]",16.464,57.432,0.93,-2.178,28.353,0.661,-21.134,61.326,1.042,"[[57.435, -33.847, -48.803], [-33.847, 28.354, 30.333], [-48.803, 30.333, 61.328]]",5.513,33.054,0.672,-6.557,38.35,1.004,-2.164,170.15,1.306,"[[33.055, 9.195, 41.472], [9.195, 38.352, 59.365], [41.472, 59.365, 170.158]]",4.329,15.989,0.761,-3.382,23.112,0.867,24.215,292.014,2.298,"[[15.99, 5.144, -19.65], [5.144, 23.113, -3.85], [-19.65, -3.85, 292.027]]",-4.173,22.557,0.718,-0.476,12.035,0.722,1.343,126.494,1.808,"[[22.558, -1.665, 20.38], [-1.665, 12.035, 8.103], [20.38, 8.103, 126.5]]",-2.676,18.348,0.796,-0.921,4.231,0.309,-15.544,438.89,2.417,"[[18.348, 7.534, 61.861], [7.534, 4.231, 33.812], [61.861, 33.812, 438.91]]",-2.014,21.478,0.642,-7.417,26.075,1.018,-0.891,208.901,1.428,"[[21.479, -10.227, -34.16], [-10.227, 26.076, 39.185], [-34.16, 39.185, 208.911]]",12.468,16.988,0.666,-4.756,30.793,1.022,24.964,226.324,2.07,"[[16.989, -9.185, 49.688], [-9.185, 30.795, -29.845], [49.688, -29.845, 226.334]]",-5.366,14.068,0.791,-0.513,17.391,1.011,3.248,139.367,1.819,"[[14.069, -0.974, -11.622], [-0.974, 17.392, 0.812], [-11.622, 0.812, 139.373]]",-5.585,66.604,1.222,-1.144,4.745,0.387,-12.303,282.586,2.155,"[[66.607, 12.541, 109.438], [12.541, 4.745, 31.967], [109.438, 31.967, 282.599]]",2.216,23.152,0.528,9.004,41.4,0.662,2.137,130.079,1.066
HC2,-1.965,10.754,0.361,0.879,14.522,0.414,20.017,2.995,0.232,"[[10.755, -8.755, 0.13], [-8.755, 14.522, -0.382], [0.13, -0.382, 2.995]]",-0.836,1.813,0.151,0.475,3.214,0.193,8.914,0.59,0.104,"[[1.813, -1.64, 0.003], [-1.64, 3.215, -0.038], [0.003, -0.038, 0.59]]",-0.836,1.813,0.151,0.475,3.214,0.193,8.914,0.59,0.104,"[[1.813, -1.64, 0.003], [-1.64, 3.215, -0.038], [0.003, -0.038, 0.59]]",-0.62,0.985,0.111,0.368,1.845,0.146,6.688,0.332,0.078,"[[0.985, -0.907, -0.001], [-0.907, 1.845, -0.016], [-0.001, -0.016, 0.332]]",3.068,17.945,0.231,0.405,12.377,0.202,12.321,47.023,0.333,"[[17.946, -8.645, -4.582], [-8.645, 12.377, -0.662], [-4.582, -0.662, 47.025]]",5.696,48.053,0.41,-0.615,57.305,0.397,-13.484,162.839,0.625,"[[48.055, -30.492, -16.124], [-30.492, 57.308, 6.323], [-16.124, 6.323, 162.846]]",-8.592,2.941,0.256,2.013,7.425,0.548,-1.515,9.785,0.524,"[[2.941, 2.305, -1.063], [2.305, 7.425, -1.054], [-1.063, -1.054, 9.785]]",15.599,40.759,0.664,22.098,325.605,1.938,24.864,383.487,1.898,"[[40.761, -2.016, 0.574], [-2.016, 325.62, 322.028], [0.574, 322.028, 383.504]]",5.776,90.785,1.084,76.48,317.775,2.133,31.916,628.031,2.101,"[[90.789, -91.211, 89.888], [-91.211, 317.79, 101.356], [89.888, 101.356, 628.06]]",-8.815,80.866,0.979,-6.838,22.077,0.614,1.151,139.831,1.431,"[[80.869, -0.138, -51.315], [-0.138, 22.078, -33.442], [-51.315, -33.442, 139.837]]",-6.531,2.605,0.313,1.458,12.157,0.672,-4.276,12.226,0.554,"[[2.606, 0.881, -0.38], [0.881, 12.157, -1.834], [-0.38, -1.834, 12.226]]",15.605,28.023,0.67,35.162,269.02,1.767,38.783,491.553,1.999,"[[28.024, -4.838, -4.863], [-4.838, 269.032, 337.768], [-4.863, 337.768, 491.575]]",8.806,91.494,1.129,85.11,293.214,2.236,18.447,443.698,1.964,"[[91.499, -69.742, 125.625], [-69.742, 293.228, 52.207], [125.625, 52.207, 443.719]]",-12.377,84.801,1.004,1.119,37.255,0.861,14.572,173.624,1.735,"[[84.805, -14.468, -21.392], [-14.468, 37.256, -31.704], [-21.392, -31.704, 173.632]]",-0.252,20.236,0.718,-2.387,59.267,1.544,3.324,279.308,2.024,"[[20.237, -7.739, -16.457], [-7.739, 59.27, 74.407], [-16.457, 74.407, 279.32]]",7.458,38.308,1.043,-5.02,65.471,1.308,33.511,378.786,3.134,"[[38.31, 1.385, 82.849], [1.385, 65.474, -53.968], [82.849, -53.968, 378.804]]",2.323,14.965,0.815,-6.269,22.852,0.989,0.849,154.861,2.285,"[[14.966, -1.138, 10.072], [-1.138, 22.853, -12.655], [10.072, -12.655, 154.869]]",-6.596,79.962,1.264,-1.845,20.48,0.759,-16.654,528.308,3.226,"[[79.966, 24.828, 155.339], [24.828, 20.481, 87.302], [155.339, 87.302, 528.332]]",-1.118,22.835,0.697,1.406,28.968,1.334,2.41,285.795,2.07,"[[22.836, -0.002, -1.017], [-0.002, 28.97, 44.416], [-1.017, 44.416, 285.808]]",2.967,8.878,0.717,0.837,43.377,1.082,31.951,294.282,2.797,"[[8.879, 0.318, 2.924], [0.318, 43.379, -2.053], [2.924, -2.053, 294.296]]",-2.165,18.275,0.911,-1.05,42.917,1.216,-2.902,197.99,2.45,"[[18.276, -4.31, 31.449], [-4.31, 42.919, -47.302], [31.449, -47.302, 198.0]]",1.673,18.135,0.817,0.631,4.64,0.363,-21.074,663.472,3.4,"[[18.136, 7.084, -40.202], [7.084, 4.641, -27.554], [-40.202, -27.554, 663.502]]",0.83,32.965,0.659,9.313,75.681,0.95,9.033,239.973,1.594
HC3,0.316,3.133,0.17,-0.438,6.58,0.217,4.605,1.276,0.097,"[[3.133, -0.521, -0.388], [-0.521, 6.58, -0.337], [-0.388, -0.337, 1.276]]",0.136,0.615,0.075,-0.197,1.304,0.097,2.048,0.252,0.043,"[[0.615, -0.086, -0.077], [-0.086, 1.304, -0.068], [-0.077, -0.068, 0.252]]",0.136,0.615,0.075,-0.197,1.304,0.097,2.048,0.252,0.043,"[[0.615, -0.086, -0.077], [-0.086, 1.304, -0.068], [-0.077, -0.068, 0.252]]",0.101,0.346,0.056,-0.148,0.734,0.073,1.536,0.142,0.032,"[[0.346, -0.047, -0.043], [-0.047, 0.734, -0.038], [-0.043, -0.038, 0.142]]",-3.167,8.471,0.093,3.845,31.115,0.127,17.05,8.485,0.099,"[[8.472, -14.89, -0.829], [-14.89, 31.117, 2.25], [-0.829, 2.25, 8.486]]",-4.47,13.664,0.138,8.114,122.931,0.256,-4.659,28.56,0.183,"[[13.664, -33.576, -1.531], [-33.576, 122.937, 5.948], [-1.531, 5.948, 28.562]]",-5.603,0.399,0.063,-2.895,1.75,0.135,-2.269,2.374,0.141,"[[0.399, 0.206, -0.16], [0.206, 1.75, -1.178], [-0.16, -1.178, 2.374]]",11.992,11.242,0.253,3.348,32.187,0.577,9.184,66.135,0.607,"[[11.243, -3.46, -3.921], [-3.46, 32.189, 42.084], [-3.921, 42.084, 66.138]]",-2.348,50.105,0.477,113.828,117.65,1.012,11.092,316.967,0.892,"[[50.108, 50.105, -116.975], [50.105, 117.656, -135.796], [-116.975, -135.796, 316.982]]",1.765,8.604,0.252,-1.481,5.937,0.286,-10.83,40.896,0.574,"[[8.604, -4.738, -13.733], [-4.738, 5.938, 10.753], [-13.733, 10.753, 40.898]]",-5.742,0.603,0.101,0.709,1.367,0.102,-7.117,2.629,0.119,"[[0.603, 0.393, -0.662], [0.393, 1.367, -1.031], [-0.662, -1.031, 2.629]]",14.158,3.949,0.247,7.787,34.634,0.585,19.104,58.748,0.594,"[[3.95, -2.182, -1.163], [-2.182, 34.635, 41.472], [-1.163, 41.472, 58.75]]",-2.786,44.483,0.545,113.874,167.758,1.079,9.281,188.823,0.789,"[[44.485, 56.448, -84.985], [56.448, 167.766, -143.748], [-84.985, -143.748, 188.832]]",6.033,15.064,0.284,-1.605,10.964,0.348,-10.173,35.913,0.436,"[[15.065, -10.706, -20.382], [-10.706, 10.965, 16.784], [-20.382, 16.784, 35.915]]",-0.279,27.662,0.478,-5.889,19.709,0.919,6.768,237.57,1.457,"[[27.664, 0.915, 51.485], [0.915, 19.709, 12.713], [51.485, 12.713, 237.581]]",1.402,5.293,0.509,-0.937,21.095,0.843,25.491,379.803,2.329,"[[5.294, 4.049, 11.042], [4.049, 21.096, 3.077], [11.042, 3.077, 379.82]]",-3.233,19.789,0.772,2.036,55.677,0.932,-0.096,123.037,1.48,"[[19.79, -11.998, 12.634], [-11.998, 55.68, -43.085], [12.634, -43.085, 123.043]]",2.407,33.054,0.808,0.471,3.583,0.411,-8.506,178.25,2.057,"[[33.056, 5.911, -59.804], [5.911, 3.583, -18.063], [-59.804, -18.063, 178.258]]",-1.88,18.618,0.476,-2.988,12.808,0.859,8.683,213.23,1.429,"[[18.619, -6.28, -9.142], [-6.28, 12.809, -12.386], [-9.142, -12.386, 213.24]]",7.074,23.067,0.738,-3.767,31.699,0.854,26.81,369.235,2.284,"[[23.068, -7.249, 80.578], [-7.249, 31.7, -58.457], [80.578, -58.457, 369.252]]",1.182,15.526,0.767,6.641,66.067,0.967,0.25,151.997,1.618,"[[15.526, 0.79, -18.875], [0.79, 66.07, -52.135], [-18.875, -52.135, 152.004]]",-0.715,17.572,0.701,0.2,1.418,0.243,-8.612,239.376,2.024,"[[17.573, 0.285, -15.461], [0.285, 1.418, -4.189], [-15.461, -4.189, 239.387]]",0.749,14.631,0.367,10.923,34.012,0.501,4.168,120.18,0.879
HC4,1.42,6.415,0.346,3.417,7.812,0.417,5.26,3.186,0.32,"[[6.416, -3.913, 0.923], [-3.913, 7.812, -1.078], [0.923, -1.078, 3.186]]",0.668,1.235,0.152,1.5,1.585,0.188,2.335,0.626,0.142,"[[1.235, -0.767, 0.169], [-0.767, 1.585, -0.217], [0.169, -0.217, 0.626]]",0.668,1.235,0.152,1.5,1.585,0.188,2.335,0.626,0.142,"[[1.235, -0.767, 0.169], [-0.767, 1.585, -0.217], [0.169, -0.217, 0.626]]",0.506,0.691,0.113,1.122,0.896,0.141,1.751,0.352,0.107,"[[0.691, -0.43, 0.093], [-0.43, 0.896, -0.123], [0.093, -0.123, 0.352]]",-2.777,6.349,0.299,2.232,12.059,0.258,15.857,14.137,0.345,"[[6.349, -6.629, -1.33], [-6.629, 12.06, 1.35], [-1.33, 1.35, 14.138]]",-4.257,14.405,0.478,5.066,49.207,0.558,-6.856,48.151,0.648,"[[14.405, -17.403, -4.433], [-17.403, 49.209, 3.296], [-4.433, 3.296, 48.153]]",-5.265,5.139,0.374,2.713,18.043,0.916,2.182,8.58,0.666,"[[5.14, -0.73, 2.282], [-0.73, 18.044, -4.557], [2.282, -4.557, 8.58]]",20.051,33.635,0.689,15.137,100.937,1.279,12.736,148.304,1.326,"[[33.637, -15.811, -11.084], [-15.811, 100.942, 101.601], [-11.084, 101.601, 148.311]]",-0.709,6.248,0.37,72.829,84.037,1.668,-3.735,121.41,1.354,"[[6.248, -2.148, -5.144], [-2.148, 84.041, 8.619], [-5.144, 8.619, 121.416]]",-6.048,25.342,0.395,27.549,8.629,0.444,7.494,40.815,0.768,"[[25.343, -4.455, -18.887], [-4.455, 8.629, 8.594], [-18.887, 8.594, 40.817]]",-14.16,6.833,0.385,-1.615,8.005,0.687,5.581,10.398,0.6,"[[6.833, -1.393, 0.264], [-1.393, 8.005, -3.153], [0.264, -3.153, 10.398]]",31.816,25.261,0.577,3.264,84.79,1.272,6.139,95.469,1.05,"[[25.262, -20.468, -10.218], [-20.468, 84.794, 70.775], [-10.218, 70.775, 95.474]]",-6.726,4.973,0.334,84.719,32.983,1.169,-2.779,114.94,1.464,"[[4.973, -2.247, -7.853], [-2.247, 32.985, 3.62], [-7.853, 3.62, 114.945]]",-1.871,13.252,0.487,12.762,5.666,0.409,16.694,27.895,0.933,"[[13.252, 3.497, -5.685], [3.497, 5.666, 5.132], [-5.685, 5.132, 27.896]]",-2.617,35.999,0.856,-1.489,23.78,1.186,5.233,360.29,2.58,"[[36.001, -15.461, -32.228], [-15.461, 23.781, 49.254], [-32.228, 49.254, 360.307]]",6.673,36.387,1.172,-5.664,51.52,1.469,28.228,584.819,4.192,"[[36.388, -11.69, 92.226], [-11.69, 51.522, -132.61], [92.226, -132.61, 584.846]]",-0.038,13.509,0.846,-11.832,26.563,1.263,1.54,64.169,1.86,"[[13.509, -7.062, -2.387], [-7.062, 26.564, -18.558], [-2.387, -18.558, 64.172]]",-6.793,107.309,1.849,-1.455,21.057,0.98,-12.013,343.707,3.1,"[[107.314, 27.194, 155.873], [27.194, 21.058, 72.654], [155.873, 72.654, 343.723]]",3.28,94.033,1.197,4.557,14.315,1.031,-0.972,331.35,2.437,"[[94.038, 2.108, 131.945], [2.108, 14.315, 18.594], [131.945, 18.594, 331.365]]",-5.331,131.287,2.049,7.127,49.96,1.814,15.758,461.293,3.819,"[[131.293, -32.441, -235.279], [-32.441, 49.962, 73.104], [-235.279, 73.104, 461.315]]",-7.253,31.605,1.179,8.517,32.912,1.369,-5.653,70.345,1.848,"[[31.607, -16.808, 30.617], [-16.808, 32.913, -31.099], [30.617, -31.099, 70.348]]",12.609,248.654,2.424,2.535,40.617,1.117,-13.429,333.518,2.958,"[[248.666, 56.175, -238.734], [56.175, 40.619, -101.925], [-238.734, -101.925, 333.533]]",0.629,38.627,0.76,10.659,30.771,0.901,3.804,144.745,1.484
HC5,-0.246,3.244,0.254,0.137,12.752,0.34,6.748,2.567,0.145,"[[3.244, -1.543, -0.405], [-1.543, 12.752, 0.15], [-0.405, 0.15, 2.567]]",-0.107,0.625,0.111,0.065,2.537,0.152,3.002,0.506,0.064,"[[0.625, -0.243, -0.08], [-0.243, 2.537, 0.037], [-0.08, 0.037, 0.506]]",-0.107,0.625,0.111,0.065,2.537,0.152,3.002,0.506,0.064,"[[0.625, -0.243, -0.08], [-0.243, 2.537, 0.037], [-0.08, 0.037, 0.506]]",-0.08,0.35,0.083,0.05,1.429,0.114,2.252,0.284,0.048,"[[0.35, -0.129, -0.045], [-0.129, 1.429, 0.022], [-0.045, 0.022, 0.284]]",0.592,3.158,0.124,0.851,13.117,0.153,13.252,13.726,0.169,"[[3.158, -4.59, -0.581], [-4.59, 13.117, -0.246], [-0.581, -0.246, 13.726]]",1.41,6.212,0.191,1.298,49.876,0.311,-11.552,46.933,0.313,"[[6.212, -7.124, -2.232], [-7.124, 49.878, 0.247], [-2.232, 0.247, 46.935]]",-8.41,0.803,0.099,-0.144,2.31,0.188,-0.85,3.075,0.201,"[[0.803, -0.022, -0.351], [-0.022, 2.31, -0.585], [-0.351, -0.585, 3.075]]",15.713,17.405,0.436,-8.342,143.199,1.254,9.967,149.743,1.191,"[[17.406, 9.01, 14.83], [9.01, 143.206, 132.793], [14.83, 132.793, 149.75]]",-0.689,16.209,0.464,98.083,71.516,0.968,3.46,116.98,1.136,"[[16.21, -1.706, -36.392], [-1.706, 71.519, -18.763], [-36.392, -18.763, 116.985]]",1.408,13.506,0.31,-1.329,6.934,0.201,-12.895,40.807,0.494,"[[13.506, -4.521, -6.904], [-4.521, 6.934, 1.949], [-6.904, 1.949, 40.809]]",-9.587,3.333,0.187,-2.796,6.341,0.225,3.294,4.177,0.17,"[[3.333, -1.72, 0.638], [-1.72, 6.341, -2.578], [0.638, -2.578, 4.177]]",14.679,11.957,0.385,-6.828,91.212,0.986,1.692,130.886,1.13,"[[11.957, 2.969, 14.274], [2.969, 91.216, 94.714], [14.274, 94.714, 130.892]]",-1.125,16.322,0.468,92.064,102.588,1.069,8.743,174.798,1.434,"[[16.323, -4.733, -37.094], [-4.733, 102.593, -14.138], [-37.094, -14.138, 174.806]]",8.071,17.537,0.287,-6.902,7.304,0.19,-8.117,51.274,0.46,"[[17.538, -6.371, -17.911], [-6.371, 7.304, 10.381], [-17.911, 10.381, 51.277]]",-0.49,26.466,0.735,-5.699,12.758,0.879,-4.126,236.072,1.912,"[[26.467, -0.561, 12.83], [-0.561, 12.758, 16.786], [12.83, 16.786, 236.083]]",4.92,21.855,0.789,-4.124,31.391,0.96,23.797,449.255,3.13,"[[21.856, -5.921, 78.597], [-5.921, 31.393, -69.5], [78.597, -69.5, 449.276]]",-2.221,17.416,0.721,7.185,26.057,0.99,-2.317,141.48,2.113,"[[17.417, -11.29, 13.983], [-11.29, 26.059, -28.948], [13.983, -28.948, 141.486]]",-0.301,12.358,0.76,0.156,1.779,0.277,-16.257,459.371,3.028,"[[12.359, 3.081, -6.505], [3.081, 1.779, -3.534], [-6.505, -3.534, 459.392]]",2.307,38.362,0.687,-3.843,19.866,0.874,-4.358,264.295,2.014,"[[38.364, 7.196, 54.416], [7.196, 19.867, 39.802], [54.416, 39.802, 264.308]]",1.014,18.437,0.849,-1.875,40.179,1.138,26.449,548.814,3.305,"[[18.438, 15.562, -1.692], [15.562, 40.181, 5.418], [-1.692, 5.418, 548.839]]",-0.43,12.5,0.632,5.027,20.918,1.033,0.788,88.461,1.722,"[[12.5, -7.716, 11.01], [-7.716, 20.919, -16.487], [11.01, -16.487, 88.465]]",0.887,11.489,0.707,0.217,1.305,0.278,-10.762,252.816,2.694,"[[11.489, 1.878, -32.539], [1.878, 1.305, -10.836], [-32.539, -10.836, 252.828]]",1.237,12.28,0.427,7.423,30.359,0.579,1.601,144.401,1.224
HC6,-0.207,4.161,0.246,2.033,25.817,0.501,6.061,10.292,0.419,"[[4.161, 3.091, -0.501], [3.091, 25.818, -4.905], [-0.501, -4.905, 10.292]]",-0.076,0.853,0.109,0.907,5.069,0.222,2.687,2.041,0.187,"[[0.853, 0.73, -0.115], [0.73, 5.069, -0.973], [-0.115, -0.973, 2.041]]",-0.076,0.853,0.109,0.907,5.069,0.222,2.687,2.041,0.187,"[[0.853, 0.73, -0.115], [0.73, 5.069, -0.973], [-0.115, -0.973, 2.041]]",-0.055,0.484,0.082,0.681,2.847,0.166,2.014,1.149,0.14,"[[0.484, 0.424, -0.066], [0.424, 2.847, -0.548], [-0.066, -0.548, 1.149]]",0.027,10.067,0.236,1.823,35.98,0.223,21.863,49.46,0.375,"[[10.067, -13.879, 2.502], [-13.879, 35.982, -7.377], [2.502, -7.377, 49.463]]",0.644,20.466,0.384,3.341,137.627,0.452,4.456,168.702,0.698,"[[20.467, -25.946, 1.793], [-25.946, 137.634, -23.779], [1.793, -23.779, 168.711]]",-10.627,7.703,0.345,7.041,18.529,0.913,-3.67,30.291,0.797,"[[7.703, -2.916, 7.763], [-2.916, 18.53, 1.24], [7.763, 1.24, 30.293]]",19.947,123.39,0.769,-19.3,263.651,1.511,3.597,467.401,1.261,"[[123.397, 57.986, 77.649], [57.986, 263.665, 281.865], [77.649, 281.865, 467.425]]",-8.742,206.681,0.794,87.537,884.797,1.8,27.332,1981.659,1.347,"[[206.692, 243.348, -549.233], [243.348, 884.843, -984.284], [-549.233, -984.284, 1981.763]]",0.766,36.677,0.455,-6.222,19.227,0.347,-4.767,67.61,0.621,"[[36.679, -15.387, -16.957], [-15.387, 19.228, 18.22], [-16.957, 18.22, 67.613]]",-6.807,4.94,0.289,-0.834,24.164,0.94,-3.938,23.981,0.813,"[[4.941, -1.317, 2.761], [-1.317, 24.165, 5.615], [2.761, 5.615, 23.982]]",18.593,145.061,0.691,-13.279,294.059,1.507,2.889,490.675,1.373,"[[145.069, 12.204, 61.921], [12.204, 294.074, 310.575], [61.921, 310.575, 490.701]]",-8.755,240.716,0.963,77.767,767.424,1.866,23.978,1825.917,1.696,"[[240.729, 203.204, -572.261], [203.204, 767.464, -773.398], [-572.261, -773.398, 1826.012]]",-1.287,40.626,0.46,-3.702,7.386,0.211,-4.52,69.152,0.565,"[[40.628, -12.405, -34.338], [-12.405, 7.387, 10.521], [-34.338, 10.521, 69.156]]",1.784,23.096,0.593,-6.078,12.47,0.767,2.505,211.665,1.551,"[[23.097, -3.882, 0.402], [-3.882, 12.471, 4.037], [0.402, 4.037, 211.676]]",8.193,26.181,0.718,-2.282,32.424,0.887,21.738,284.67,2.123,"[[26.182, -5.88, 78.377], [-5.88, 32.425, -33.675], [78.377, -33.675, 284.685]]",-5.292,39.432,1.186,15.233,61.925,1.095,-4.937,140.411,2.057,"[[39.434, 8.27, -39.987], [8.27, 61.929, -41.188], [-39.987, -41.188, 140.418]]",0.762,18.587,0.8,0.339,2.597,0.25,-15.255,462.387,2.719,"[[18.588, 5.325, -18.76], [5.325, 2.597, -10.979], [-18.76, -10.979, 462.411]]",2.888,33.417,0.609,2.971,16.909,0.829,-2.433,261.54,1.699,"[[33.419, 5.753, 51.02], [5.753, 16.91, 39.348], [51.02, 39.348, 261.553]]",-2.431,14.394,0.692,3.294,72.103,1.224,22.409,330.526,2.281,"[[14.395, -3.302, -56.341], [-3.302, 72.107, 19.773], [-56.341, 19.773, 330.544]]",-3.62,18.778,0.803,29.438,40.453,0.954,0.984,84.391,1.767,"[[18.779, 0.664, 1.972], [0.664, 40.455, -20.99], [1.972, -20.99, 84.395]]",9.071,180.412,2.21,0.871,14.411,0.724,-6.984,141.929,1.785,"[[180.422, 19.9, -126.543], [19.9, 14.412, -35.956], [-126.543, -35.956, 141.937]]",0.668,54.408,0.616,8.295,124.77,0.8,4.486,323.086,1.203
HC7,-0.873,7.862,0.342,1.359,11.669,0.42,13.077,4.803,0.335,"[[7.862, -2.256, 1.436], [-2.256, 11.669, -0.311], [1.436, -0.311, 4.803]]",-0.35,1.506,0.148,0.625,2.367,0.189,5.817,0.947,0.149,"[[1.506, -0.395, 0.277], [-0.395, 2.367, -0.062], [0.277, -0.062, 0.947]]",-0.35,1.506,0.148,0.625,2.367,0.189,5.817,0.947,0.149,"[[1.506, -0.395, 0.277], [-0.395, 2.367, -0.062], [0.277, -0.062, 0.947]]",-0.257,0.842,0.111,0.472,1.338,0.142,4.364,0.533,0.112,"[[0.842, -0.216, 0.155], [-0.216, 1.338, -0.035], [0.155, -0.035, 0.533]]",-1.62,12.908,0.256,0.786,17.714,0.252,11.696,16.757,0.347,"[[12.908, -11.96, -2.803], [-11.96, 17.715, -0.164], [-2.803, -0.164, 16.758]]",-2.599,27.761,0.406,2.084,78.62,0.53,-14.592,56.97,0.646,"[[27.762, -33.343, -8.543], [-33.343, 78.623, -1.181], [-8.543, -1.181, 56.973]]",-1.104,8.879,0.496,0.721,3.623,0.336,-9.098,16.217,0.733,"[[8.879, 0.989, -8.416], [0.989, 3.623, -0.692], [-8.416, -0.692, 16.218]]",8.364,91.549,1.1,-8.913,168.901,1.689,27.12,373.616,2.231,"[[91.553, -88.158, -113.197], [-88.158, 168.909, 214.923], [-113.197, 214.923, 373.634]]",-5.426,65.548,0.901,91.099,80.985,1.277,11.567,190.698,1.411,"[[65.551, 1.031, -98.091], [1.031, 80.989, -40.635], [-98.091, -40.635, 190.707]]",7.991,62.621,0.883,1.494,44.145,1.017,-15.341,78.411,1.202,"[[62.624, -22.5, -28.03], [-22.5, 44.147, 17.494], [-28.03, 17.494, 78.414]]",-11.886,2.57,0.258,3.377,9.005,0.526,-1.466,14.117,0.691,"[[2.57, 1.132, -0.024], [1.132, 9.006, -2.445], [-0.024, -2.445, 14.118]]",17.307,35.649,0.789,2.708,206.506,1.735,15.22,296.912,1.847,"[[35.65, -7.594, 6.973], [-7.594, 206.516, 221.917], [6.973, 221.917, 296.926]]",-1.436,16.298,0.52,90.948,83.712,1.327,17.007,259.819,1.593,"[[16.299, -20.748, -32.539], [-20.748, 83.716, 30.329], [-32.539, 30.329, 259.831]]",-4.637,71.19,0.868,11.941,59.93,1.179,-16.027,136.691,1.211,"[[71.193, -6.905, -40.344], [-6.905, 59.933, 4.372], [-40.344, 4.372, 136.698]]",2.284,31.207,0.9,0.532,35.158,1.384,-5.534,359.377,2.396,"[[31.208, -5.984, -3.364], [-5.984, 35.16, 48.856], [-3.364, 48.856, 359.394]]",5.746,44.092,1.116,-8.501,24.434,1.37,21.384,437.167,3.685,"[[44.094, -1.39, 117.918], [-1.39, 24.435, -25.817], [117.918, -25.817, 437.188]]",-2.181,20.811,0.997,-5.804,29.555,1.155,-0.779,103.473,2.039,"[[20.812, -7.945, -6.658], [-7.945, 29.556, -28.834], [-6.658, -28.834, 103.478]]",-6.137,74.991,1.414,-2.23,21.333,0.769,-16.652,501.747,3.281,"[[74.995, 31.528, 163.214], [31.528, 21.334, 92.475], [163.214, 92.475, 501.77]]",-1.523,62.437,1.032,-3.787,32.888,1.384,-1.441,296.862,2.356,"[[62.44, 9.102, 82.281], [9.102, 32.889, 52.012], [82.281, 52.012, 296.876]]",0.733,10.228,0.839,0.657,33.925,1.533,26.168,457.675,3.551,"[[10.228, 5.634, -17.389], [5.634, 33.927, 11.977], [-17.389, 11.977, 457.697]]",-2.794,29.054,1.081,10.185,28.995,1.17,-0.912,99.721,2.063,"[[29.055, -16.852, 24.094], [-16.852, 28.996, -31.161], [24.094, -31.161, 99.725]]",5.596,66.534,1.5,1.199,11.887,0.72,-13.792,378.796,3.14,"[[66.538, 16.441, -118.411], [16.441, 11.887, -53.403], [-118.411, -53.403, 378.813]]",0.22,33.911,0.732,8.708,44.957,0.922,2.891,185.557,1.599
HC8,4.625,3.995,0.192,3.09,79.755,0.263,7.464,1.877,0.118,"[[3.995, 8.962, 0.098], [8.962, 79.759, -2.972], [0.098, -2.972, 1.877]]",2.098,0.924,0.085,1.295,15.604,0.117,3.263,0.426,0.052,"[[0.924, 2.25, -0.072], [2.25, 15.605, -1.085], [-0.072, -1.085, 0.426]]",2.098,0.924,0.085,1.295,15.604,0.117,3.263,0.426,0.052,"[[0.924, 2.25, -0.072], [2.25, 15.605, -1.085], [-0.072, -1.085, 0.426]]",1.579,0.536,0.064,0.96,8.763,0.088,2.439,0.248,0.039,"[[0.536, 1.315, -0.053], [1.315, 8.764, -0.668], [-0.053, -0.668, 0.248]]",0.517,10.999,0.142,-1.92,40.699,0.122,19.43,10.187,0.174,"[[11.0, -16.719, 0.102], [-16.719, 40.701, 1.146], [0.102, 1.146, 10.187]]",0.337,21.792,0.238,-3.67,156.391,0.251,-0.11,34.78,0.322,"[[21.793, -37.045, 1.044], [-37.045, 156.398, 4.051], [1.044, 4.051, 34.782]]",-8.166,3.615,0.112,-19.39,356.804,0.13,-3.607,13.816,0.16,"[[3.615, -13.208, 2.63], [-13.208, 356.82, -60.81], [2.63, -60.81, 13.817]]",18.336,11.658,0.304,-1.771,94.397,0.842,9.425,69.956,0.704,"[[11.658, -7.572, -7.737], [-7.572, 94.402, 75.204], [-7.737, 75.204, 69.96]]",-6.635,110.608,0.557,105.68,322.189,0.991,18.93,509.552,0.962,"[[110.613, 112.995, -198.445], [112.995, 322.204, -270.093], [-198.445, -270.093, 509.576]]",0.454,15.383,0.466,4.785,23.329,0.361,-5.297,36.722,0.711,"[[15.384, -1.708, -11.547], [-1.708, 23.33, 1.934], [-11.547, 1.934, 36.723]]",-8.914,6.139,0.144,18.503,565.415,0.149,-4.688,13.538,0.175,"[[6.139, 33.558, -3.448], [33.558, 565.441, -70.02], [-3.448, -70.02, 13.538]]",15.86,18.467,0.34,-16.125,292.906,0.914,2.754,100.266,0.804,"[[18.467, -28.281, -18.77], [-28.281, 292.919, 128.686], [-18.77, 128.686, 100.27]]",-9.114,179.494,0.837,100.561,567.414,1.033,17.667,499.649,0.949,"[[179.502, 141.396, -239.942], [141.396, 567.44, -347.523], [-239.942, -347.523, 499.672]]",3.922,37.837,0.556,5.611,20.412,0.394,-7.412,29.62,0.472,"[[37.838, -2.976, -14.007], [-2.976, 20.413, 6.811], [-14.007, 6.811, 29.621]]",-5.952,71.201,0.742,-12.399,138.432,0.883,-9.596,224.206,1.47,"[[71.204, -24.794, 83.749], [-24.794, 138.438, 18.185], [83.749, 18.185, 224.217]]",5.15,21.802,0.677,-4.265,35.421,0.832,24.112,332.656,2.23,"[[21.803, 7.052, 64.455], [7.052, 35.422, -25.367], [64.455, -25.367, 332.671]]",-3.387,27.047,0.846,0.146,46.937,0.959,-2.518,181.591,1.902,"[[27.049, -18.744, 13.183], [-18.744, 46.939, -50.135], [13.183, -50.135, 181.6]]",0.163,11.154,0.587,0.178,0.742,0.174,-8.148,226.054,1.952,"[[11.154, 1.405, -10.821], [1.405, 0.742, -5.14], [-10.821, -5.14, 226.064]]",5.721,54.955,0.675,1.773,336.586,0.856,-9.666,233.177,1.471,"[[54.957, -51.763, 20.985], [-51.763, 336.602, 48.837], [20.985, 48.837, 233.188]]",5.384,28.832,0.724,-4.448,55.56,0.893,24.715,371.717,2.389,"[[28.833, 7.857, 78.552], [7.857, 55.562, -42.293], [78.552, -42.293, 371.735]]",-1.487,27.788,1.061,-0.69,48.574,1.051,-0.529,142.648,1.793,"[[27.789, -16.846, 4.85], [-16.846, 48.576, -28.881], [4.85, -28.881, 142.654]]",-2.133,34.284,0.875,-0.576,3.746,0.275,-14.288,411.016,2.23,"[[34.285, 9.88, 51.187], [9.88, 3.746, 17.616], [51.187, 17.616, 411.035]]",0.93,31.792,0.469,8.119,146.622,0.532,3.073,156.551,0.961
HC9,1.004,7.605,0.251,-0.804,24.766,0.439,12.014,11.686,0.208,"[[7.605, -6.608, 0.196], [-6.608, 24.768, 2.582], [0.196, 2.582, 11.686]]",0.431,1.363,0.107,-0.384,5.044,0.198,5.354,2.308,0.093,"[[1.363, -1.096, 0.088], [-1.096, 5.044, 0.466], [0.088, 0.466, 2.308]]",0.431,1.363,0.107,-0.384,5.044,0.198,5.354,2.308,0.093,"[[1.363, -1.096, 0.088], [-1.096, 5.044, 0.466], [0.088, 0.466, 2.308]]",0.321,0.752,0.08,-0.292,2.852,0.149,4.017,1.298,0.07,"[[0.752, -0.592, 0.055], [-0.592, 2.852, 0.257], [0.055, 0.257, 1.298]]",-3.37,35.135,0.236,2.679,57.226,0.227,14.634,57.791,0.264,"[[35.136, -23.774, 10.845], [-23.774, 57.229, 9.394], [10.845, 9.394, 57.794]]",-5.177,86.187,0.381,6.379,229.981,0.471,-9.23,200.182,0.497,"[[86.191, -51.279, 43.881], [-51.279, 229.992, 15.681], [43.881, 15.681, 200.191]]",-9.188,10.155,0.305,-0.529,21.406,0.5,-0.681,37.917,0.831,"[[10.155, 1.879, 4.496], [1.879, 21.407, -10.438], [4.496, -10.438, 37.919]]",19.387,117.27,0.983,-5.137,491.617,2.057,13.682,544.038,2.049,"[[117.276, 77.471, 83.507], [77.471, 491.64, 480.703], [83.507, 480.703, 544.064]]",0.584,164.813,0.895,97.733,502.933,2.022,14.534,1292.5,1.389,"[[164.821, -1.435, -276.789], [-1.435, 502.956, -192.557], [-276.789, -192.557, 1292.56]]",3.413,79.762,0.876,2.261,73.228,1.079,-0.319,130.358,1.35,"[[79.766, -37.571, -40.955], [-37.571, 73.232, 44.589], [-40.955, 44.589, 130.364]]",-9.916,11.484,0.303,2.996,13.237,0.444,0.912,36.669,0.727,"[[11.485, 1.498, 0.64], [1.498, 13.238, -5.727], [0.64, -5.727, 36.671]]",17.275,88.539,0.801,4.937,476.26,2.005,17.843,532.292,1.97,"[[88.543, -98.762, -106.56], [-98.762, 476.282, 462.19], [-106.56, 462.19, 532.317]]",0.91,204.548,0.913,91.744,624.468,2.096,14.691,1220.133,1.341,"[[204.558, 37.127, -350.297], [37.127, 624.497, -262.659], [-350.297, -262.659, 1220.189]]",-19.052,242.929,1.307,-0.486,571.009,1.686,4.847,640.956,1.823,"[[242.94, 4.078, -31.186], [4.078, 571.036, -116.825], [-31.186, -116.825, 640.985]]",2.257,78.103,0.872,-5.543,115.978,1.174,2.037,282.141,1.712,"[[78.106, 30.702, 89.063], [30.702, 115.983, 125.389], [89.063, 125.389, 282.154]]",3.513,42.06,1.035,-0.761,85.166,1.372,37.749,551.948,3.161,"[[42.062, 31.347, -30.986], [31.347, 85.17, 29.117], [-30.986, 29.117, 551.974]]",-1.913,58.623,1.479,0.384,72.644,1.3,6.661,107.153,1.936,"[[58.626, -20.915, 31.768], [-20.915, 72.647, -44.696], [31.768, -44.696, 107.158]]",0.538,15.846,0.905,0.144,1.642,0.296,-6.422,187.476,2.16,"[[15.847, 3.64, -29.201], [3.64, 1.642, -9.417], [-29.201, -9.417, 187.485]]",-1.221,53.377,0.782,23.698,98.189,1.114,-5.111,378.756,1.965,"[[53.379, 19.503, 36.073], [19.503, 98.194, 118.809], [36.073, 118.809, 378.774]]",1.797,111.806,1.541,-6.821,88.548,1.595,31.198,578.283,3.355,"[[111.811, 44.396, -46.125], [44.396, 88.552, 67.005], [-46.125, 67.005, 578.31]]",-3.951,223.963,1.66,0.903,712.026,1.717,6.737,209.092,2.044,"[[223.973, -319.24, -44.386], [-319.24, 712.059, 96.269], [-44.386, 96.269, 209.102]]",0.729,27.029,1.124,0.119,1.807,0.308,-3.67,74.468,1.593,"[[27.03, 4.744, -19.146], [4.744, 1.807, -4.953], [-19.146, -4.953, 74.471]]",-0.054,75.578,0.77,9.674,194.321,1.02,7.583,321.807,1.392
HC10,-0.047,5.39,0.236,-0.307,12.309,0.35,-1.938,3.078,0.189,"[[5.39, -2.873, 0.082], [-2.873, 12.31, -0.197], [0.082, -0.197, 3.079]]",-0.02,1.075,0.105,-0.137,2.421,0.155,-0.855,0.609,0.085,"[[1.075, -0.581, 0.018], [-0.581, 2.421, -0.04], [0.018, -0.04, 0.609]]",-0.02,1.075,0.105,-0.137,2.421,0.155,-0.855,0.609,0.085,"[[1.075, -0.581, 0.018], [-0.581, 2.421, -0.04], [0.018, -0.04, 0.609]]",-0.015,0.605,0.079,-0.103,1.36,0.116,-0.64,0.343,0.063,"[[0.606, -0.328, 0.01], [-0.328, 1.361, -0.023], [0.01, -0.023, 0.343]]",0.634,9.325,0.205,3.094,13.434,0.174,24.131,26.676,0.253,"[[9.326, -8.503, 4.221], [-8.503, 13.436, -2.448], [4.221, -2.448, 26.679]]",1.961,23.821,0.349,5.562,53.49,0.351,8.649,91.875,0.471,"[[23.823, -25.15, 11.396], [-25.15, 53.495, -9.487], [11.396, -9.487, 91.884]]",-11.411,2.157,0.224,1.088,3.289,0.247,-1.911,13.547,0.539,"[[2.157, -0.879, -1.055], [-0.879, 3.289, -0.827], [-1.055, -0.827, 13.548]]",17.254,73.274,0.786,-25.346,247.094,1.649,-7.251,391.211,1.833,"[[73.281, 75.31, 108.493], [75.31, 247.117, 268.081], [108.493, 268.081, 391.248]]",-5.071,51.585,0.681,98.542,209.836,1.612,8.257,212.518,1.184,"[[51.59, 11.061, -93.075], [11.061, 209.856, -63.648], [-93.075, -63.648, 212.538]]",-0.078,56.858,0.789,15.012,71.242,0.722,-14.26,62.277,0.924,"[[56.864, -24.004, -3.821], [-24.004, 71.249, 7.825], [-3.821, 7.825, 62.283]]",-5.63,3.187,0.302,1.715,5.057,0.261,-2.497,12.76,0.631,"[[3.187, -0.849, -1.836], [-0.849, 5.058, -2.203], [-1.836, -2.203, 12.761]]",13.961,33.38,0.63,-30.612,150.683,1.294,-4.951,181.083,1.36,"[[33.383, 15.917, 22.375], [15.917, 150.697, 134.56], [22.375, 134.56, 181.1]]",-12.415,123.752,0.956,94.388,304.825,1.63,14.938,306.958,1.517,"[[123.764, -1.454, -167.309], [-1.454, 304.853, -104.089], [-167.309, -104.089, 306.987]]",6.025,55.716,1.003,21.366,73.244,0.804,-11.136,57.152,0.954,"[[55.721, -14.931, -19.725], [-14.931, 73.25, 22.949], [-19.725, 22.949, 57.157]]",1.269,18.182,0.532,-2.096,27.428,0.948,11.548,246.888,1.813,"[[18.183, -8.083, 3.87], [-8.083, 27.431, 51.207], [3.87, 51.207, 246.911]]",2.357,9.386,0.703,0.262,21.75,0.924,27.111,506.422,3.214,"[[9.387, -0.313, -7.703], [-0.313, 21.752, -27.56], [-7.703, -27.56, 506.469]]",-6.42,42.634,1.037,7.253,34.204,1.104,-1.216,122.71,1.898,"[[42.638, -17.979, 43.842], [-17.979, 34.207, -32.899], [43.842, -32.899, 122.721]]",1.901,34.871,0.92,0.638,4.662,0.401,-9.332,296.731,2.47,"[[34.875, 10.009, -77.937], [10.009, 4.663, -28.476], [-77.937, -28.476, 296.759]]",0.125,21.909,0.585,-6.516,24.137,0.904,11.948,223.504,1.708,"[[21.911, -4.988, 0.736], [-4.988, 24.139, 46.15], [0.736, 46.15, 223.525]]",4.759,22.057,0.727,-4.284,48.202,0.923,28.333,469.368,3.068,"[[22.059, -2.546, 73.88], [-2.546, 48.207, -73.171], [73.88, -73.171, 469.412]]",-2.687,25.296,0.846,0.862,46.119,1.098,0.969,136.695,1.764,"[[25.299, -11.965, 20.812], [-11.965, 46.124, -48.707], [20.812, -48.707, 136.708]]",-1.301,17.252,0.836,-0.101,2.071,0.26,-10.16,345.712,2.533,"[[17.253, 4.29, 14.023], [4.29, 2.071, 5.002], [14.023, 5.002, 345.744]]",0.233,28.763,0.574,8.188,61.785,0.731,3.131,168.578,1.298
